country,geo,tier,tier_code,year,in_model,barrier,barrier_code,exposure_pct,tier_mean_pct,deviation_pp,coefficient,contribution_pp,actual_adoption_pct,expected_adoption_pct,gap_pp,unexplained_pp,tier_n_cells,tier_n_countries,tier_delta_r2,outcome_code,outcome_unit,exposure_unit,generated_utc,rank_in_unit,tier_ranking_stable
All countries (unweighted mean),ALL_MEAN,Large (250+),LARGE_GE250,2025,False,Cost too high,E_AI_BCST,41.9,41.9,0.0,-0.6743,-0.0,55.3,55.3,-0.0,-0.0,21,21,0.813,E_AI_TANY,PC_ENT,PC_ENT_AI_EC,2026-09-02T21:54:16Z,1,True
All countries (unweighted mean),ALL_MEAN,Large (250+),LARGE_GE250,2025,False,Lack of expertise,E_AI_BLE,63.6,63.6,0.0,0.5916,0.0,55.3,55.3,-0.0,-0.0,21,21,0.813,E_AI_TANY,PC_ENT,PC_ENT_AI_EC,2026-09-02T21:54:16Z,2,True
All countries (unweighted mean),ALL_MEAN,Large (250+),LARGE_GE250,2025,False,Data availability or quality,E_AI_BDDT,44.7,44.7,0.0,0.789,0.0,55.3,55.3,-0.0,-0.0,21,21,0.813,E_AI_TANY,PC_ENT,PC_ENT_AI_EC,2026-09-02T21:54:16Z,3,True
All countries (unweighted mean),ALL_MEAN,Large (250+),LARGE_GE250,2025,False,Legal consequences unclear,E_AI_BLEG,47.6,47.6,0.0,-0.2175,-0.0,55.3,55.3,-0.0,-0.0,21,21,0.813,E_AI_TANY,PC_ENT,PC_ENT_AI_EC,2026-09-02T21:54:16Z,4,True
All countries (unweighted mean),ALL_MEAN,Large (250+),LARGE_GE250,2025,False,Privacy and data protection,E_AI_BCDP,55.5,55.5,0.0,0.3887,0.0,55.3,55.3,-0.0,-0.0,21,21,0.813,E_AI_TANY,PC_ENT,PC_ENT_AI_EC,2026-09-02T21:54:16Z,5,True
All countries (unweighted mean),ALL_MEAN,Large (250+),LARGE_GE250,2025,False,Incompatible with existing systems,E_AI_BINC,42.9,42.9,0.0,-0.1525,-0.0,55.3,55.3,-0.0,-0.0,21,21,0.813,E_AI_TANY,PC_ENT,PC_ENT_AI_EC,2026-09-02T21:54:16Z,6,True
All countries (unweighted mean),ALL_MEAN,Large (250+),LARGE_GE250,2025,False,AI not useful for us,E_AI_BNU,12.0,12.0,0.0,1.3409,0.0,55.3,55.3,-0.0,-0.0,21,21,0.813,E_AI_TANY,PC_ENT,PC_ENT_AI_EC,2026-09-02T21:54:16Z,7,True
Austria,AT,Large (250+),LARGE_GE250,2025,True,AI not useful for us,E_AI_BNU,26.3,12.0,14.3,1.3409,19.15,68.3,55.3,13.0,-4.63,21,21,0.813,E_AI_TANY,PC_ENT,PC_ENT_AI_EC,2026-09-02T21:54:16Z,1,True
Austria,AT,Large (250+),LARGE_GE250,2025,True,Cost too high,E_AI_BCST,31.7,41.9,-10.2,-0.6743,6.89,68.3,55.3,13.0,-4.63,21,21,0.813,E_AI_TANY,PC_ENT,PC_ENT_AI_EC,2026-09-02T21:54:16Z,2,True
Austria,AT,Large (250+),LARGE_GE250,2025,True,Lack of expertise,E_AI_BLE,54.9,63.6,-8.7,0.5916,-5.16,68.3,55.3,13.0,-4.63,21,21,0.813,E_AI_TANY,PC_ENT,PC_ENT_AI_EC,2026-09-02T21:54:16Z,3,True
Austria,AT,Large (250+),LARGE_GE250,2025,True,Data availability or quality,E_AI_BDDT,38.5,44.7,-6.2,0.789,-4.92,68.3,55.3,13.0,-4.63,21,21,0.813,E_AI_TANY,PC_ENT,PC_ENT_AI_EC,2026-09-02T21:54:16Z,4,True
Austria,AT,Large (250+),LARGE_GE250,2025,True,Incompatible with existing systems,E_AI_BINC,32.1,42.9,-10.8,-0.1525,1.65,68.3,55.3,13.0,-4.63,21,21,0.813,E_AI_TANY,PC_ENT,PC_ENT_AI_EC,2026-09-02T21:54:16Z,5,True
Austria,AT,Large (250+),LARGE_GE250,2025,True,Legal consequences unclear,E_AI_BLEG,47.0,47.6,-0.6,-0.2175,0.14,68.3,55.3,13.0,-4.63,21,21,0.813,E_AI_TANY,PC_ENT,PC_ENT_AI_EC,2026-09-02T21:54:16Z,6,True
Austria,AT,Large (250+),LARGE_GE250,2025,True,Privacy and data protection,E_AI_BCDP,55.2,55.5,-0.3,0.3887,-0.11,68.3,55.3,13.0,-4.63,21,21,0.813,E_AI_TANY,PC_ENT,PC_ENT_AI_EC,2026-09-02T21:54:16Z,7,True
Belgium,BE,Large (250+),LARGE_GE250,2025,True,Data availability or quality,E_AI_BDDT,60.1,44.7,15.3,0.789,12.11,76.4,55.3,21.2,8.91,21,21,0.813,E_AI_TANY,PC_ENT,PC_ENT_AI_EC,2026-09-02T21:54:16Z,1,True
Belgium,BE,Large (250+),LARGE_GE250,2025,True,Lack of expertise,E_AI_BLE,82.2,63.6,18.6,0.5916,10.99,76.4,55.3,21.2,8.91,21,21,0.813,E_AI_TANY,PC_ENT,PC_ENT_AI_EC,2026-09-02T21:54:16Z,2,True
Belgium,BE,Large (250+),LARGE_GE250,2025,True,Cost too high,E_AI_BCST,51.3,41.9,9.4,-0.6743,-6.33,76.4,55.3,21.2,8.91,21,21,0.813,E_AI_TANY,PC_ENT,PC_ENT_AI_EC,2026-09-02T21:54:16Z,3,True
Belgium,BE,Large (250+),LARGE_GE250,2025,True,AI not useful for us,E_AI_BNU,10.2,12.0,-1.8,1.3409,-2.44,76.4,55.3,21.2,8.91,21,21,0.813,E_AI_TANY,PC_ENT,PC_ENT_AI_EC,2026-09-02T21:54:16Z,4,True
Belgium,BE,Large (250+),LARGE_GE250,2025,True,Incompatible with existing systems,E_AI_BINC,54.0,42.9,11.2,-0.1525,-1.7,76.4,55.3,21.2,8.91,21,21,0.813,E_AI_TANY,PC_ENT,PC_ENT_AI_EC,2026-09-02T21:54:16Z,5,True
Belgium,BE,Large (250+),LARGE_GE250,2025,True,Legal consequences unclear,E_AI_BLEG,52.7,47.6,5.1,-0.2175,-1.11,76.4,55.3,21.2,8.91,21,21,0.813,E_AI_TANY,PC_ENT,PC_ENT_AI_EC,2026-09-02T21:54:16Z,6,True
Belgium,BE,Large (250+),LARGE_GE250,2025,True,Privacy and data protection,E_AI_BCDP,57.3,55.5,1.9,0.3887,0.73,76.4,55.3,21.2,8.91,21,21,0.813,E_AI_TANY,PC_ENT,PC_ENT_AI_EC,2026-09-02T21:54:16Z,7,True
Bulgaria,BG,Large (250+),LARGE_GE250,2025,True,Cost too high,E_AI_BCST,53.8,41.9,11.9,-0.6743,-8.06,26.2,55.3,-29.1,-6.43,21,21,0.813,E_AI_TANY,PC_ENT,PC_ENT_AI_EC,2026-09-02T21:54:16Z,1,True
Bulgaria,BG,Large (250+),LARGE_GE250,2025,True,Data availability or quality,E_AI_BDDT,37.0,44.7,-7.8,0.789,-6.13,26.2,55.3,-29.1,-6.43,21,21,0.813,E_AI_TANY,PC_ENT,PC_ENT_AI_EC,2026-09-02T21:54:16Z,2,True
Bulgaria,BG,Large (250+),LARGE_GE250,2025,True,Privacy and data protection,E_AI_BCDP,47.2,55.5,-8.3,0.3887,-3.23,26.2,55.3,-29.1,-6.43,21,21,0.813,E_AI_TANY,PC_ENT,PC_ENT_AI_EC,2026-09-02T21:54:16Z,3,True
Bulgaria,BG,Large (250+),LARGE_GE250,2025,True,AI not useful for us,E_AI_BNU,9.9,12.0,-2.1,1.3409,-2.88,26.2,55.3,-29.1,-6.43,21,21,0.813,E_AI_TANY,PC_ENT,PC_ENT_AI_EC,2026-09-02T21:54:16Z,4,True
Bulgaria,BG,Large (250+),LARGE_GE250,2025,True,Lack of expertise,E_AI_BLE,61.9,63.6,-1.7,0.5916,-1.0,26.2,55.3,-29.1,-6.43,21,21,0.813,E_AI_TANY,PC_ENT,PC_ENT_AI_EC,2026-09-02T21:54:16Z,5,True
Bulgaria,BG,Large (250+),LARGE_GE250,2025,True,Legal consequences unclear,E_AI_BLEG,51.8,47.6,4.2,-0.2175,-0.91,26.2,55.3,-29.1,-6.43,21,21,0.813,E_AI_TANY,PC_ENT,PC_ENT_AI_EC,2026-09-02T21:54:16Z,6,True
Bulgaria,BG,Large (250+),LARGE_GE250,2025,True,Incompatible with existing systems,E_AI_BINC,45.7,42.9,2.8,-0.1525,-0.43,26.2,55.3,-29.1,-6.43,21,21,0.813,E_AI_TANY,PC_ENT,PC_ENT_AI_EC,2026-09-02T21:54:16Z,7,True
Croatia,HR,Large (250+),LARGE_GE250,2025,True,Data availability or quality,E_AI_BDDT,32.5,44.7,-12.3,0.789,-9.68,39.6,55.3,-15.7,1.11,21,21,0.813,E_AI_TANY,PC_ENT,PC_ENT_AI_EC,2026-09-02T21:54:16Z,1,True
Croatia,HR,Large (250+),LARGE_GE250,2025,True,Cost too high,E_AI_BCST,52.6,41.9,10.7,-0.6743,-7.2,39.6,55.3,-15.7,1.11,21,21,0.813,E_AI_TANY,PC_ENT,PC_ENT_AI_EC,2026-09-02T21:54:16Z,2,True
Croatia,HR,Large (250+),LARGE_GE250,2025,True,AI not useful for us,E_AI_BNU,17.3,12.0,5.3,1.3409,7.15,39.6,55.3,-15.7,1.11,21,21,0.813,E_AI_TANY,PC_ENT,PC_ENT_AI_EC,2026-09-02T21:54:16Z,3,True
Croatia,HR,Large (250+),LARGE_GE250,2025,True,Privacy and data protection,E_AI_BCDP,39.2,55.5,-16.3,0.3887,-6.33,39.6,55.3,-15.7,1.11,21,21,0.813,E_AI_TANY,PC_ENT,PC_ENT_AI_EC,2026-09-02T21:54:16Z,4,True
Croatia,HR,Large (250+),LARGE_GE250,2025,True,Lack of expertise,E_AI_BLE,59.2,63.6,-4.4,0.5916,-2.6,39.6,55.3,-15.7,1.11,21,21,0.813,E_AI_TANY,PC_ENT,PC_ENT_AI_EC,2026-09-02T21:54:16Z,5,True
Croatia,HR,Large (250+),LARGE_GE250,2025,True,Legal consequences unclear,E_AI_BLEG,35.7,47.6,-12.0,-0.2175,2.6,39.6,55.3,-15.7,1.11,21,21,0.813,E_AI_TANY,PC_ENT,PC_ENT_AI_EC,2026-09-02T21:54:16Z,6,True
Croatia,HR,Large (250+),LARGE_GE250,2025,True,Incompatible with existing systems,E_AI_BINC,47.7,42.9,4.8,-0.1525,-0.74,39.6,55.3,-15.7,1.11,21,21,0.813,E_AI_TANY,PC_ENT,PC_ENT_AI_EC,2026-09-02T21:54:16Z,7,True
Cyprus,CY,Large (250+),LARGE_GE250,2025,True,Lack of expertise,E_AI_BLE,45.6,63.6,-18.1,0.5916,-10.69,35.1,55.3,-20.2,-4.02,21,21,0.813,E_AI_TANY,PC_ENT,PC_ENT_AI_EC,2026-09-02T21:54:16Z,1,True
Cyprus,CY,Large (250+),LARGE_GE250,2025,True,Incompatible with existing systems,E_AI_BINC,68.5,42.9,25.6,-0.1525,-3.91,35.1,55.3,-20.2,-4.02,21,21,0.813,E_AI_TANY,PC_ENT,PC_ENT_AI_EC,2026-09-02T21:54:16Z,2,True
Cyprus,CY,Large (250+),LARGE_GE250,2025,True,Cost too high,E_AI_BCST,36.8,41.9,-5.1,-0.6743,3.46,35.1,55.3,-20.2,-4.02,21,21,0.813,E_AI_TANY,PC_ENT,PC_ENT_AI_EC,2026-09-02T21:54:16Z,3,True
Cyprus,CY,Large (250+),LARGE_GE250,2025,True,AI not useful for us,E_AI_BNU,10.5,12.0,-1.5,1.3409,-2.02,35.1,55.3,-20.2,-4.02,21,21,0.813,E_AI_TANY,PC_ENT,PC_ENT_AI_EC,2026-09-02T21:54:16Z,4,True
Cyprus,CY,Large (250+),LARGE_GE250,2025,True,Legal consequences unclear,E_AI_BLEG,56.1,47.6,8.4,-0.2175,-1.84,35.1,55.3,-20.2,-4.02,21,21,0.813,E_AI_TANY,PC_ENT,PC_ENT_AI_EC,2026-09-02T21:54:16Z,5,True
Cyprus,CY,Large (250+),LARGE_GE250,2025,True,Privacy and data protection,E_AI_BCDP,50.8,55.5,-4.7,0.3887,-1.81,35.1,55.3,-20.2,-4.02,21,21,0.813,E_AI_TANY,PC_ENT,PC_ENT_AI_EC,2026-09-02T21:54:16Z,6,True
Cyprus,CY,Large (250+),LARGE_GE250,2025,True,Data availability or quality,E_AI_BDDT,45.6,44.7,0.8,0.789,0.64,35.1,55.3,-20.2,-4.02,21,21,0.813,E_AI_TANY,PC_ENT,PC_ENT_AI_EC,2026-09-02T21:54:16Z,7,True
Denmark,DK,Large (250+),LARGE_GE250,2025,True,Cost too high,E_AI_BCST,19.9,41.9,-22.0,-0.6743,14.84,74.5,55.3,19.3,-5.0,21,21,0.813,E_AI_TANY,PC_ENT,PC_ENT_AI_EC,2026-09-02T21:54:16Z,1,True
Denmark,DK,Large (250+),LARGE_GE250,2025,True,Lack of expertise,E_AI_BLE,73.5,63.6,9.8,0.5916,5.83,74.5,55.3,19.3,-5.0,21,21,0.813,E_AI_TANY,PC_ENT,PC_ENT_AI_EC,2026-09-02T21:54:16Z,2,True
Denmark,DK,Large (250+),LARGE_GE250,2025,True,AI not useful for us,E_AI_BNU,13.9,12.0,1.9,1.3409,2.48,74.5,55.3,19.3,-5.0,21,21,0.813,E_AI_TANY,PC_ENT,PC_ENT_AI_EC,2026-09-02T21:54:16Z,3,True
Denmark,DK,Large (250+),LARGE_GE250,2025,True,Data availability or quality,E_AI_BDDT,42.0,44.7,-2.8,0.789,-2.2,74.5,55.3,19.3,-5.0,21,21,0.813,E_AI_TANY,PC_ENT,PC_ENT_AI_EC,2026-09-02T21:54:16Z,4,True
Denmark,DK,Large (250+),LARGE_GE250,2025,True,Privacy and data protection,E_AI_BCDP,59.8,55.5,4.3,0.3887,1.69,74.5,55.3,19.3,-5.0,21,21,0.813,E_AI_TANY,PC_ENT,PC_ENT_AI_EC,2026-09-02T21:54:16Z,5,True
Denmark,DK,Large (250+),LARGE_GE250,2025,True,Incompatible with existing systems,E_AI_BINC,35.8,42.9,-7.0,-0.1525,1.07,74.5,55.3,19.3,-5.0,21,21,0.813,E_AI_TANY,PC_ENT,PC_ENT_AI_EC,2026-09-02T21:54:16Z,6,True
Denmark,DK,Large (250+),LARGE_GE250,2025,True,Legal consequences unclear,E_AI_BLEG,45.1,47.6,-2.6,-0.2175,0.56,74.5,55.3,19.3,-5.0,21,21,0.813,E_AI_TANY,PC_ENT,PC_ENT_AI_EC,2026-09-02T21:54:16Z,7,True
European Union - 27 countries (from 2020),EU27_2020,Large (250+),LARGE_GE250,2025,False,Cost too high,E_AI_BCST,34.8,41.9,-7.1,-0.6743,4.8,55.0,55.3,-0.2,-3.39,21,21,0.813,E_AI_TANY,PC_ENT,PC_ENT_AI_EC,2026-09-02T21:54:16Z,1,True
European Union - 27 countries (from 2020),EU27_2020,Large (250+),LARGE_GE250,2025,False,AI not useful for us,E_AI_BNU,9.8,12.0,-2.2,1.3409,-3.0,55.0,55.3,-0.2,-3.39,21,21,0.813,E_AI_TANY,PC_ENT,PC_ENT_AI_EC,2026-09-02T21:54:16Z,2,True
European Union - 27 countries (from 2020),EU27_2020,Large (250+),LARGE_GE250,2025,False,Privacy and data protection,E_AI_BCDP,58.8,55.5,3.3,0.3887,1.28,55.0,55.3,-0.2,-3.39,21,21,0.813,E_AI_TANY,PC_ENT,PC_ENT_AI_EC,2026-09-02T21:54:16Z,3,True
European Union - 27 countries (from 2020),EU27_2020,Large (250+),LARGE_GE250,2025,False,Lack of expertise,E_AI_BLE,65.1,63.6,1.5,0.5916,0.87,55.0,55.3,-0.2,-3.39,21,21,0.813,E_AI_TANY,PC_ENT,PC_ENT_AI_EC,2026-09-02T21:54:16Z,4,True
European Union - 27 countries (from 2020),EU27_2020,Large (250+),LARGE_GE250,2025,False,Legal consequences unclear,E_AI_BLEG,51.2,47.6,3.6,-0.2175,-0.78,55.0,55.3,-0.2,-3.39,21,21,0.813,E_AI_TANY,PC_ENT,PC_ENT_AI_EC,2026-09-02T21:54:16Z,5,True
European Union - 27 countries (from 2020),EU27_2020,Large (250+),LARGE_GE250,2025,False,Data availability or quality,E_AI_BDDT,43.8,44.7,-0.9,0.789,-0.74,55.0,55.3,-0.2,-3.39,21,21,0.813,E_AI_TANY,PC_ENT,PC_ENT_AI_EC,2026-09-02T21:54:16Z,6,True
European Union - 27 countries (from 2020),EU27_2020,Large (250+),LARGE_GE250,2025,False,Incompatible with existing systems,E_AI_BINC,38.0,42.9,-4.9,-0.1525,0.74,55.0,55.3,-0.2,-3.39,21,21,0.813,E_AI_TANY,PC_ENT,PC_ENT_AI_EC,2026-09-02T21:54:16Z,7,True
Finland,FI,Large (250+),LARGE_GE250,2025,True,Cost too high,E_AI_BCST,22.9,41.9,-19.0,-0.6743,12.81,79.4,55.3,24.1,9.14,21,21,0.813,E_AI_TANY,PC_ENT,PC_ENT_AI_EC,2026-09-02T21:54:16Z,1,True
Finland,FI,Large (250+),LARGE_GE250,2025,True,Data availability or quality,E_AI_BDDT,58.0,44.7,13.2,0.789,10.43,79.4,55.3,24.1,9.14,21,21,0.813,E_AI_TANY,PC_ENT,PC_ENT_AI_EC,2026-09-02T21:54:16Z,2,True
Finland,FI,Large (250+),LARGE_GE250,2025,True,Lack of expertise,E_AI_BLE,51.8,63.6,-11.8,0.5916,-6.98,79.4,55.3,24.1,9.14,21,21,0.813,E_AI_TANY,PC_ENT,PC_ENT_AI_EC,2026-09-02T21:54:16Z,3,True
Finland,FI,Large (250+),LARGE_GE250,2025,True,AI not useful for us,E_AI_BNU,8.3,12.0,-3.7,1.3409,-5.03,79.4,55.3,24.1,9.14,21,21,0.813,E_AI_TANY,PC_ENT,PC_ENT_AI_EC,2026-09-02T21:54:16Z,4,True
Finland,FI,Large (250+),LARGE_GE250,2025,True,Privacy and data protection,E_AI_BCDP,68.3,55.5,12.8,0.3887,4.98,79.4,55.3,24.1,9.14,21,21,0.813,E_AI_TANY,PC_ENT,PC_ENT_AI_EC,2026-09-02T21:54:16Z,5,True
Finland,FI,Large (250+),LARGE_GE250,2025,True,Incompatible with existing systems,E_AI_BINC,48.9,42.9,6.1,-0.1525,-0.93,79.4,55.3,24.1,9.14,21,21,0.813,E_AI_TANY,PC_ENT,PC_ENT_AI_EC,2026-09-02T21:54:16Z,6,True
Finland,FI,Large (250+),LARGE_GE250,2025,True,Legal consequences unclear,E_AI_BLEG,48.8,47.6,1.2,-0.2175,-0.27,79.4,55.3,24.1,9.14,21,21,0.813,E_AI_TANY,PC_ENT,PC_ENT_AI_EC,2026-09-02T21:54:16Z,7,True
Greece,EL,Large (250+),LARGE_GE250,2025,True,Data availability or quality,E_AI_BDDT,55.1,44.7,10.3,0.789,8.15,37.6,55.3,-17.7,-16.72,21,21,0.813,E_AI_TANY,PC_ENT,PC_ENT_AI_EC,2026-09-02T21:54:16Z,1,True
Greece,EL,Large (250+),LARGE_GE250,2025,True,Cost too high,E_AI_BCST,49.3,41.9,7.4,-0.6743,-4.99,37.6,55.3,-17.7,-16.72,21,21,0.813,E_AI_TANY,PC_ENT,PC_ENT_AI_EC,2026-09-02T21:54:16Z,2,True
Greece,EL,Large (250+),LARGE_GE250,2025,True,AI not useful for us,E_AI_BNU,10.0,12.0,-2.1,1.3409,-2.76,37.6,55.3,-17.7,-16.72,21,21,0.813,E_AI_TANY,PC_ENT,PC_ENT_AI_EC,2026-09-02T21:54:16Z,3,True
Greece,EL,Large (250+),LARGE_GE250,2025,True,Legal consequences unclear,E_AI_BLEG,53.9,47.6,6.3,-0.2175,-1.36,37.6,55.3,-17.7,-16.72,21,21,0.813,E_AI_TANY,PC_ENT,PC_ENT_AI_EC,2026-09-02T21:54:16Z,4,True
Greece,EL,Large (250+),LARGE_GE250,2025,True,Privacy and data protection,E_AI_BCDP,58.1,55.5,2.6,0.3887,1.02,37.6,55.3,-17.7,-16.72,21,21,0.813,E_AI_TANY,PC_ENT,PC_ENT_AI_EC,2026-09-02T21:54:16Z,5,True
Greece,EL,Large (250+),LARGE_GE250,2025,True,Incompatible with existing systems,E_AI_BINC,47.8,42.9,4.9,-0.1525,-0.75,37.6,55.3,-17.7,-16.72,21,21,0.813,E_AI_TANY,PC_ENT,PC_ENT_AI_EC,2026-09-02T21:54:16Z,6,True
Greece,EL,Large (250+),LARGE_GE250,2025,True,Lack of expertise,E_AI_BLE,63.2,63.6,-0.4,0.5916,-0.26,37.6,55.3,-17.7,-16.72,21,21,0.813,E_AI_TANY,PC_ENT,PC_ENT_AI_EC,2026-09-02T21:54:16Z,7,True
Hungary,HU,Large (250+),LARGE_GE250,2025,True,Data availability or quality,E_AI_BDDT,37.2,44.7,-7.5,0.789,-5.93,40.0,55.3,-15.3,-6.65,21,21,0.813,E_AI_TANY,PC_ENT,PC_ENT_AI_EC,2026-09-02T21:54:16Z,1,True
Hungary,HU,Large (250+),LARGE_GE250,2025,True,Lack of expertise,E_AI_BLE,55.7,63.6,-7.9,0.5916,-4.69,40.0,55.3,-15.3,-6.65,21,21,0.813,E_AI_TANY,PC_ENT,PC_ENT_AI_EC,2026-09-02T21:54:16Z,2,True
Hungary,HU,Large (250+),LARGE_GE250,2025,True,Privacy and data protection,E_AI_BCDP,64.2,55.5,8.7,0.3887,3.38,40.0,55.3,-15.3,-6.65,21,21,0.813,E_AI_TANY,PC_ENT,PC_ENT_AI_EC,2026-09-02T21:54:16Z,3,True
Hungary,HU,Large (250+),LARGE_GE250,2025,True,Cost too high,E_AI_BCST,43.9,41.9,2.0,-0.6743,-1.33,40.0,55.3,-15.3,-6.65,21,21,0.813,E_AI_TANY,PC_ENT,PC_ENT_AI_EC,2026-09-02T21:54:16Z,4,True
Hungary,HU,Large (250+),LARGE_GE250,2025,True,Legal consequences unclear,E_AI_BLEG,50.7,47.6,3.1,-0.2175,-0.67,40.0,55.3,-15.3,-6.65,21,21,0.813,E_AI_TANY,PC_ENT,PC_ENT_AI_EC,2026-09-02T21:54:16Z,5,True
Hungary,HU,Large (250+),LARGE_GE250,2025,True,Incompatible with existing systems,E_AI_BINC,39.8,42.9,-3.0,-0.1525,0.46,40.0,55.3,-15.3,-6.65,21,21,0.813,E_AI_TANY,PC_ENT,PC_ENT_AI_EC,2026-09-02T21:54:16Z,6,True
Hungary,HU,Large (250+),LARGE_GE250,2025,True,AI not useful for us,E_AI_BNU,12.1,12.0,0.1,1.3409,0.16,40.0,55.3,-15.3,-6.65,21,21,0.813,E_AI_TANY,PC_ENT,PC_ENT_AI_EC,2026-09-02T21:54:16Z,7,True
Italy,IT,Large (250+),LARGE_GE250,2025,True,AI not useful for us,E_AI_BNU,8.0,12.0,-4.0,1.3409,-5.4,53.1,55.3,-2.2,8.05,21,21,0.813,E_AI_TANY,PC_ENT,PC_ENT_AI_EC,2026-09-02T21:54:16Z,1,True
Italy,IT,Large (250+),LARGE_GE250,2025,True,Lack of expertise,E_AI_BLE,55.8,63.6,-7.8,0.5916,-4.63,53.1,55.3,-2.2,8.05,21,21,0.813,E_AI_TANY,PC_ENT,PC_ENT_AI_EC,2026-09-02T21:54:16Z,2,True
Italy,IT,Large (250+),LARGE_GE250,2025,True,Cost too high,E_AI_BCST,37.1,41.9,-4.8,-0.6743,3.22,53.1,55.3,-2.2,8.05,21,21,0.813,E_AI_TANY,PC_ENT,PC_ENT_AI_EC,2026-09-02T21:54:16Z,3,True
Italy,IT,Large (250+),LARGE_GE250,2025,True,Privacy and data protection,E_AI_BCDP,47.5,55.5,-8.0,0.3887,-3.11,53.1,55.3,-2.2,8.05,21,21,0.813,E_AI_TANY,PC_ENT,PC_ENT_AI_EC,2026-09-02T21:54:16Z,4,True
Italy,IT,Large (250+),LARGE_GE250,2025,True,Data availability or quality,E_AI_BDDT,40.9,44.7,-3.8,0.789,-3.02,53.1,55.3,-2.2,8.05,21,21,0.813,E_AI_TANY,PC_ENT,PC_ENT_AI_EC,2026-09-02T21:54:16Z,5,True
Italy,IT,Large (250+),LARGE_GE250,2025,True,Legal consequences unclear,E_AI_BLEG,40.3,47.6,-7.3,-0.2175,1.59,53.1,55.3,-2.2,8.05,21,21,0.813,E_AI_TANY,PC_ENT,PC_ENT_AI_EC,2026-09-02T21:54:16Z,6,True
Italy,IT,Large (250+),LARGE_GE250,2025,True,Incompatible with existing systems,E_AI_BINC,35.3,42.9,-7.5,-0.1525,1.15,53.1,55.3,-2.2,8.05,21,21,0.813,E_AI_TANY,PC_ENT,PC_ENT_AI_EC,2026-09-02T21:54:16Z,7,True
Latvia,LV,Large (250+),LARGE_GE250,2025,True,Lack of expertise,E_AI_BLE,53.5,63.6,-10.1,0.5916,-6.0,47.1,55.3,-8.2,2.43,21,21,0.813,E_AI_TANY,PC_ENT,PC_ENT_AI_EC,2026-09-02T21:54:16Z,1,True
Latvia,LV,Large (250+),LARGE_GE250,2025,True,Cost too high,E_AI_BCST,48.8,41.9,6.9,-0.6743,-4.68,47.1,55.3,-8.2,2.43,21,21,0.813,E_AI_TANY,PC_ENT,PC_ENT_AI_EC,2026-09-02T21:54:16Z,2,True
Latvia,LV,Large (250+),LARGE_GE250,2025,True,Data availability or quality,E_AI_BDDT,39.5,44.7,-5.2,0.789,-4.11,47.1,55.3,-8.2,2.43,21,21,0.813,E_AI_TANY,PC_ENT,PC_ENT_AI_EC,2026-09-02T21:54:16Z,3,True
Latvia,LV,Large (250+),LARGE_GE250,2025,True,Legal consequences unclear,E_AI_BLEG,37.2,47.6,-10.4,-0.2175,2.26,47.1,55.3,-8.2,2.43,21,21,0.813,E_AI_TANY,PC_ENT,PC_ENT_AI_EC,2026-09-02T21:54:16Z,4,True
Latvia,LV,Large (250+),LARGE_GE250,2025,True,Privacy and data protection,E_AI_BCDP,60.5,55.5,5.0,0.3887,1.94,47.1,55.3,-8.2,2.43,21,21,0.813,E_AI_TANY,PC_ENT,PC_ENT_AI_EC,2026-09-02T21:54:16Z,5,True
Latvia,LV,Large (250+),LARGE_GE250,2025,True,Incompatible with existing systems,E_AI_BINC,39.5,42.9,-3.3,-0.1525,0.51,47.1,55.3,-8.2,2.43,21,21,0.813,E_AI_TANY,PC_ENT,PC_ENT_AI_EC,2026-09-02T21:54:16Z,6,True
Latvia,LV,Large (250+),LARGE_GE250,2025,True,AI not useful for us,E_AI_BNU,11.6,12.0,-0.4,1.3409,-0.51,47.1,55.3,-8.2,2.43,21,21,0.813,E_AI_TANY,PC_ENT,PC_ENT_AI_EC,2026-09-02T21:54:16Z,7,True
Luxembourg,LU,Large (250+),LARGE_GE250,2025,True,Data availability or quality,E_AI_BDDT,32.5,44.7,-12.3,0.789,-9.68,58.0,55.3,2.7,7.5,21,21,0.813,E_AI_TANY,PC_ENT,PC_ENT_AI_EC,2026-09-02T21:54:16Z,1,True
Luxembourg,LU,Large (250+),LARGE_GE250,2025,True,Lack of expertise,E_AI_BLE,75.1,63.6,11.5,0.5916,6.78,58.0,55.3,2.7,7.5,21,21,0.813,E_AI_TANY,PC_ENT,PC_ENT_AI_EC,2026-09-02T21:54:16Z,2,True
Luxembourg,LU,Large (250+),LARGE_GE250,2025,True,AI not useful for us,E_AI_BNU,8.7,12.0,-3.3,1.3409,-4.41,58.0,55.3,2.7,7.5,21,21,0.813,E_AI_TANY,PC_ENT,PC_ENT_AI_EC,2026-09-02T21:54:16Z,3,True
Luxembourg,LU,Large (250+),LARGE_GE250,2025,True,Incompatible with existing systems,E_AI_BINC,28.4,42.9,-14.4,-0.1525,2.2,58.0,55.3,2.7,7.5,21,21,0.813,E_AI_TANY,PC_ENT,PC_ENT_AI_EC,2026-09-02T21:54:16Z,4,True
Luxembourg,LU,Large (250+),LARGE_GE250,2025,True,Privacy and data protection,E_AI_BCDP,58.2,55.5,2.7,0.3887,1.07,58.0,55.3,2.7,7.5,21,21,0.813,E_AI_TANY,PC_ENT,PC_ENT_AI_EC,2026-09-02T21:54:16Z,5,True
Luxembourg,LU,Large (250+),LARGE_GE250,2025,True,Legal consequences unclear,E_AI_BLEG,51.3,47.6,3.7,-0.2175,-0.8,58.0,55.3,2.7,7.5,21,21,0.813,E_AI_TANY,PC_ENT,PC_ENT_AI_EC,2026-09-02T21:54:16Z,6,True
Luxembourg,LU,Large (250+),LARGE_GE250,2025,True,Cost too high,E_AI_BCST,41.8,41.9,-0.1,-0.6743,0.06,58.0,55.3,2.7,7.5,21,21,0.813,E_AI_TANY,PC_ENT,PC_ENT_AI_EC,2026-09-02T21:54:16Z,7,True
Malta,MT,Large (250+),LARGE_GE250,2025,True,Cost too high,E_AI_BCST,64.0,41.9,22.1,-0.6743,-14.91,51.8,55.3,-3.5,-2.04,21,21,0.813,E_AI_TANY,PC_ENT,PC_ENT_AI_EC,2026-09-02T21:54:16Z,1,True
Malta,MT,Large (250+),LARGE_GE250,2025,True,Lack of expertise,E_AI_BLE,75.2,63.6,11.6,0.5916,6.85,51.8,55.3,-3.5,-2.04,21,21,0.813,E_AI_TANY,PC_ENT,PC_ENT_AI_EC,2026-09-02T21:54:16Z,2,True
Malta,MT,Large (250+),LARGE_GE250,2025,True,AI not useful for us,E_AI_BNU,15.2,12.0,3.2,1.3409,4.24,51.8,55.3,-3.5,-2.04,21,21,0.813,E_AI_TANY,PC_ENT,PC_ENT_AI_EC,2026-09-02T21:54:16Z,3,True
Malta,MT,Large (250+),LARGE_GE250,2025,True,Data availability or quality,E_AI_BDDT,49.6,44.7,4.8,0.789,3.81,51.8,55.3,-3.5,-2.04,21,21,0.813,E_AI_TANY,PC_ENT,PC_ENT_AI_EC,2026-09-02T21:54:16Z,4,True
Malta,MT,Large (250+),LARGE_GE250,2025,True,Legal consequences unclear,E_AI_BLEG,34.4,47.6,-13.2,-0.2175,2.87,51.8,55.3,-3.5,-2.04,21,21,0.813,E_AI_TANY,PC_ENT,PC_ENT_AI_EC,2026-09-02T21:54:16Z,5,True
Malta,MT,Large (250+),LARGE_GE250,2025,True,Incompatible with existing systems,E_AI_BINC,58.4,42.9,15.6,-0.1525,-2.38,51.8,55.3,-3.5,-2.04,21,21,0.813,E_AI_TANY,PC_ENT,PC_ENT_AI_EC,2026-09-02T21:54:16Z,6,True
Malta,MT,Large (250+),LARGE_GE250,2025,True,Privacy and data protection,E_AI_BCDP,50.4,55.5,-5.0,0.3887,-1.96,51.8,55.3,-3.5,-2.04,21,21,0.813,E_AI_TANY,PC_ENT,PC_ENT_AI_EC,2026-09-02T21:54:16Z,7,True
Netherlands,NL,Large (250+),LARGE_GE250,2025,True,Cost too high,E_AI_BCST,24.9,41.9,-17.0,-0.6743,11.45,67.6,55.3,12.4,-1.08,21,21,0.813,E_AI_TANY,PC_ENT,PC_ENT_AI_EC,2026-09-02T21:54:16Z,1,True
Netherlands,NL,Large (250+),LARGE_GE250,2025,True,Lack of expertise,E_AI_BLE,73.0,63.6,9.3,0.5916,5.52,67.6,55.3,12.4,-1.08,21,21,0.813,E_AI_TANY,PC_ENT,PC_ENT_AI_EC,2026-09-02T21:54:16Z,2,True
Netherlands,NL,Large (250+),LARGE_GE250,2025,True,AI not useful for us,E_AI_BNU,8.4,12.0,-3.6,1.3409,-4.81,67.6,55.3,12.4,-1.08,21,21,0.813,E_AI_TANY,PC_ENT,PC_ENT_AI_EC,2026-09-02T21:54:16Z,3,True
Netherlands,NL,Large (250+),LARGE_GE250,2025,True,Privacy and data protection,E_AI_BCDP,61.4,55.5,5.9,0.3887,2.3,67.6,55.3,12.4,-1.08,21,21,0.813,E_AI_TANY,PC_ENT,PC_ENT_AI_EC,2026-09-02T21:54:16Z,4,True
Netherlands,NL,Large (250+),LARGE_GE250,2025,True,Data availability or quality,E_AI_BDDT,42.2,44.7,-2.5,0.789,-2.0,67.6,55.3,12.4,-1.08,21,21,0.813,E_AI_TANY,PC_ENT,PC_ENT_AI_EC,2026-09-02T21:54:16Z,5,True
Netherlands,NL,Large (250+),LARGE_GE250,2025,True,Incompatible with existing systems,E_AI_BINC,32.9,42.9,-10.0,-0.1525,1.52,67.6,55.3,12.4,-1.08,21,21,0.813,E_AI_TANY,PC_ENT,PC_ENT_AI_EC,2026-09-02T21:54:16Z,6,True
Netherlands,NL,Large (250+),LARGE_GE250,2025,True,Legal consequences unclear,E_AI_BLEG,50.0,47.6,2.4,-0.2175,-0.52,67.6,55.3,12.4,-1.08,21,21,0.813,E_AI_TANY,PC_ENT,PC_ENT_AI_EC,2026-09-02T21:54:16Z,7,True
Norway,NO,Large (250+),LARGE_GE250,2025,True,Cost too high,E_AI_BCST,30.2,41.9,-11.7,-0.6743,7.92,66.0,55.3,10.8,-3.5,21,21,0.813,E_AI_TANY,PC_ENT,PC_ENT_AI_EC,2026-09-02T21:54:16Z,1,True
Norway,NO,Large (250+),LARGE_GE250,2025,True,Data availability or quality,E_AI_BDDT,51.7,44.7,6.9,0.789,5.46,66.0,55.3,10.8,-3.5,21,21,0.813,E_AI_TANY,PC_ENT,PC_ENT_AI_EC,2026-09-02T21:54:16Z,2,True
Norway,NO,Large (250+),LARGE_GE250,2025,True,AI not useful for us,E_AI_BNU,9.5,12.0,-2.5,1.3409,-3.36,66.0,55.3,10.8,-3.5,21,21,0.813,E_AI_TANY,PC_ENT,PC_ENT_AI_EC,2026-09-02T21:54:16Z,3,True
Norway,NO,Large (250+),LARGE_GE250,2025,True,Lack of expertise,E_AI_BLE,68.8,63.6,5.2,0.5916,3.06,66.0,55.3,10.8,-3.5,21,21,0.813,E_AI_TANY,PC_ENT,PC_ENT_AI_EC,2026-09-02T21:54:16Z,4,True
Norway,NO,Large (250+),LARGE_GE250,2025,True,Incompatible with existing systems,E_AI_BINC,36.0,42.9,-6.9,-0.1525,1.05,66.0,55.3,10.8,-3.5,21,21,0.813,E_AI_TANY,PC_ENT,PC_ENT_AI_EC,2026-09-02T21:54:16Z,5,True
Norway,NO,Large (250+),LARGE_GE250,2025,True,Legal consequences unclear,E_AI_BLEG,45.4,47.6,-2.2,-0.2175,0.48,66.0,55.3,10.8,-3.5,21,21,0.813,E_AI_TANY,PC_ENT,PC_ENT_AI_EC,2026-09-02T21:54:16Z,6,True
Norway,NO,Large (250+),LARGE_GE250,2025,True,Privacy and data protection,E_AI_BCDP,54.6,55.5,-0.8,0.3887,-0.32,66.0,55.3,10.8,-3.5,21,21,0.813,E_AI_TANY,PC_ENT,PC_ENT_AI_EC,2026-09-02T21:54:16Z,7,True
Poland,PL,Large (250+),LARGE_GE250,2025,True,Cost too high,E_AI_BCST,62.8,41.9,20.9,-0.6743,-14.12,45.8,55.3,-9.4,4.88,21,21,0.813,E_AI_TANY,PC_ENT,PC_ENT_AI_EC,2026-09-02T21:54:16Z,1,True
Poland,PL,Large (250+),LARGE_GE250,2025,True,AI not useful for us,E_AI_BNU,21.6,12.0,9.6,1.3409,12.81,45.8,55.3,-9.4,4.88,21,21,0.813,E_AI_TANY,PC_ENT,PC_ENT_AI_EC,2026-09-02T21:54:16Z,2,True
Poland,PL,Large (250+),LARGE_GE250,2025,True,Data availability or quality,E_AI_BDDT,32.6,44.7,-12.2,0.789,-9.6,45.8,55.3,-9.4,4.88,21,21,0.813,E_AI_TANY,PC_ENT,PC_ENT_AI_EC,2026-09-02T21:54:16Z,3,True
Poland,PL,Large (250+),LARGE_GE250,2025,True,Lack of expertise,E_AI_BLE,57.5,63.6,-6.2,0.5916,-3.65,45.8,55.3,-9.4,4.88,21,21,0.813,E_AI_TANY,PC_ENT,PC_ENT_AI_EC,2026-09-02T21:54:16Z,4,True
Poland,PL,Large (250+),LARGE_GE250,2025,True,Legal consequences unclear,E_AI_BLEG,51.4,47.6,3.8,-0.2175,-0.83,45.8,55.3,-9.4,4.88,21,21,0.813,E_AI_TANY,PC_ENT,PC_ENT_AI_EC,2026-09-02T21:54:16Z,5,True
Poland,PL,Large (250+),LARGE_GE250,2025,True,Privacy and data protection,E_AI_BCDP,57.4,55.5,1.9,0.3887,0.75,45.8,55.3,-9.4,4.88,21,21,0.813,E_AI_TANY,PC_ENT,PC_ENT_AI_EC,2026-09-02T21:54:16Z,6,True
Poland,PL,Large (250+),LARGE_GE250,2025,True,Incompatible with existing systems,E_AI_BINC,40.8,42.9,-2.1,-0.1525,0.31,45.8,55.3,-9.4,4.88,21,21,0.813,E_AI_TANY,PC_ENT,PC_ENT_AI_EC,2026-09-02T21:54:16Z,7,True
Portugal,PT,Large (250+),LARGE_GE250,2025,True,Data availability or quality,E_AI_BDDT,53.5,44.7,8.8,0.789,6.92,49.2,55.3,-6.1,2.74,21,21,0.813,E_AI_TANY,PC_ENT,PC_ENT_AI_EC,2026-09-02T21:54:16Z,1,True
Portugal,PT,Large (250+),LARGE_GE250,2025,True,Cost too high,E_AI_BCST,51.8,41.9,9.9,-0.6743,-6.71,49.2,55.3,-6.1,2.74,21,21,0.813,E_AI_TANY,PC_ENT,PC_ENT_AI_EC,2026-09-02T21:54:16Z,2,True
Portugal,PT,Large (250+),LARGE_GE250,2025,True,AI not useful for us,E_AI_BNU,7.3,12.0,-4.7,1.3409,-6.31,49.2,55.3,-6.1,2.74,21,21,0.813,E_AI_TANY,PC_ENT,PC_ENT_AI_EC,2026-09-02T21:54:16Z,3,True
Portugal,PT,Large (250+),LARGE_GE250,2025,True,Lack of expertise,E_AI_BLE,60.1,63.6,-3.5,0.5916,-2.07,49.2,55.3,-6.1,2.74,21,21,0.813,E_AI_TANY,PC_ENT,PC_ENT_AI_EC,2026-09-02T21:54:16Z,4,True
Portugal,PT,Large (250+),LARGE_GE250,2025,True,Legal consequences unclear,E_AI_BLEG,53.2,47.6,5.6,-0.2175,-1.23,49.2,55.3,-6.1,2.74,21,21,0.813,E_AI_TANY,PC_ENT,PC_ENT_AI_EC,2026-09-02T21:54:16Z,5,True
Portugal,PT,Large (250+),LARGE_GE250,2025,True,Privacy and data protection,E_AI_BCDP,57.7,55.5,2.3,0.3887,0.88,49.2,55.3,-6.1,2.74,21,21,0.813,E_AI_TANY,PC_ENT,PC_ENT_AI_EC,2026-09-02T21:54:16Z,6,True
Portugal,PT,Large (250+),LARGE_GE250,2025,True,Incompatible with existing systems,E_AI_BINC,45.0,42.9,2.1,-0.1525,-0.33,49.2,55.3,-6.1,2.74,21,21,0.813,E_AI_TANY,PC_ENT,PC_ENT_AI_EC,2026-09-02T21:54:16Z,7,True
Slovakia,SK,Large (250+),LARGE_GE250,2025,True,Cost too high,E_AI_BCST,50.7,41.9,8.8,-0.6743,-5.96,43.7,55.3,-11.5,1.77,21,21,0.813,E_AI_TANY,PC_ENT,PC_ENT_AI_EC,2026-09-02T21:54:16Z,1,True
Slovakia,SK,Large (250+),LARGE_GE250,2025,True,Data availability or quality,E_AI_BDDT,38.3,44.7,-6.5,0.789,-5.1,43.7,55.3,-11.5,1.77,21,21,0.813,E_AI_TANY,PC_ENT,PC_ENT_AI_EC,2026-09-02T21:54:16Z,2,True
Slovakia,SK,Large (250+),LARGE_GE250,2025,True,Legal consequences unclear,E_AI_BLEG,57.4,47.6,9.8,-0.2175,-2.12,43.7,55.3,-11.5,1.77,21,21,0.813,E_AI_TANY,PC_ENT,PC_ENT_AI_EC,2026-09-02T21:54:16Z,3,True
Slovakia,SK,Large (250+),LARGE_GE250,2025,True,Incompatible with existing systems,E_AI_BINC,52.2,42.9,9.3,-0.1525,-1.42,43.7,55.3,-11.5,1.77,21,21,0.813,E_AI_TANY,PC_ENT,PC_ENT_AI_EC,2026-09-02T21:54:16Z,4,True
Slovakia,SK,Large (250+),LARGE_GE250,2025,True,Lack of expertise,E_AI_BLE,64.6,63.6,0.9,0.5916,0.54,43.7,55.3,-11.5,1.77,21,21,0.813,E_AI_TANY,PC_ENT,PC_ENT_AI_EC,2026-09-02T21:54:16Z,5,True
Slovakia,SK,Large (250+),LARGE_GE250,2025,True,AI not useful for us,E_AI_BNU,12.4,12.0,0.4,1.3409,0.54,43.7,55.3,-11.5,1.77,21,21,0.813,E_AI_TANY,PC_ENT,PC_ENT_AI_EC,2026-09-02T21:54:16Z,6,True
Slovakia,SK,Large (250+),LARGE_GE250,2025,True,Privacy and data protection,E_AI_BCDP,56.1,55.5,0.6,0.3887,0.23,43.7,55.3,-11.5,1.77,21,21,0.813,E_AI_TANY,PC_ENT,PC_ENT_AI_EC,2026-09-02T21:54:16Z,7,True
Slovenia,SI,Large (250+),LARGE_GE250,2025,True,AI not useful for us,E_AI_BNU,17.6,12.0,5.6,1.3409,7.55,71.7,55.3,16.5,9.61,21,21,0.813,E_AI_TANY,PC_ENT,PC_ENT_AI_EC,2026-09-02T21:54:16Z,1,True
Slovenia,SI,Large (250+),LARGE_GE250,2025,True,Data availability or quality,E_AI_BDDT,49.5,44.7,4.7,0.789,3.74,71.7,55.3,16.5,9.61,21,21,0.813,E_AI_TANY,PC_ENT,PC_ENT_AI_EC,2026-09-02T21:54:16Z,2,True
Slovenia,SI,Large (250+),LARGE_GE250,2025,True,Legal consequences unclear,E_AI_BLEG,57.4,47.6,9.8,-0.2175,-2.14,71.7,55.3,16.5,9.61,21,21,0.813,E_AI_TANY,PC_ENT,PC_ENT_AI_EC,2026-09-02T21:54:16Z,3,True
Slovenia,SI,Large (250+),LARGE_GE250,2025,True,Cost too high,E_AI_BCST,39.0,41.9,-2.9,-0.6743,1.94,71.7,55.3,16.5,9.61,21,21,0.813,E_AI_TANY,PC_ENT,PC_ENT_AI_EC,2026-09-02T21:54:16Z,4,True
Slovenia,SI,Large (250+),LARGE_GE250,2025,True,Lack of expertise,E_AI_BLE,60.4,63.6,-3.2,0.5916,-1.91,71.7,55.3,16.5,9.61,21,21,0.813,E_AI_TANY,PC_ENT,PC_ENT_AI_EC,2026-09-02T21:54:16Z,5,True
Slovenia,SI,Large (250+),LARGE_GE250,2025,True,Privacy and data protection,E_AI_BCDP,50.8,55.5,-4.7,0.3887,-1.83,71.7,55.3,16.5,9.61,21,21,0.813,E_AI_TANY,PC_ENT,PC_ENT_AI_EC,2026-09-02T21:54:16Z,6,True
Slovenia,SI,Large (250+),LARGE_GE250,2025,True,Incompatible with existing systems,E_AI_BINC,46.0,42.9,3.1,-0.1525,-0.47,71.7,55.3,16.5,9.61,21,21,0.813,E_AI_TANY,PC_ENT,PC_ENT_AI_EC,2026-09-02T21:54:16Z,7,True
Spain,ES,Large (250+),LARGE_GE250,2025,True,Lack of expertise,E_AI_BLE,74.6,63.6,11.0,0.5916,6.49,57.5,55.3,2.2,-5.71,21,21,0.813,E_AI_TANY,PC_ENT,PC_ENT_AI_EC,2026-09-02T21:54:16Z,1,True
Spain,ES,Large (250+),LARGE_GE250,2025,True,AI not useful for us,E_AI_BNU,7.2,12.0,-4.8,1.3409,-6.47,57.5,55.3,2.2,-5.71,21,21,0.813,E_AI_TANY,PC_ENT,PC_ENT_AI_EC,2026-09-02T21:54:16Z,2,True
Spain,ES,Large (250+),LARGE_GE250,2025,True,Data availability or quality,E_AI_BDDT,51.8,44.7,7.0,0.789,5.53,57.5,55.3,2.2,-5.71,21,21,0.813,E_AI_TANY,PC_ENT,PC_ENT_AI_EC,2026-09-02T21:54:16Z,3,True
Spain,ES,Large (250+),LARGE_GE250,2025,True,Incompatible with existing systems,E_AI_BINC,31.2,42.9,-11.6,-0.1525,1.77,57.5,55.3,2.2,-5.71,21,21,0.813,E_AI_TANY,PC_ENT,PC_ENT_AI_EC,2026-09-02T21:54:16Z,4,True
Spain,ES,Large (250+),LARGE_GE250,2025,True,Privacy and data protection,E_AI_BCDP,57.8,55.5,2.3,0.3887,0.91,57.5,55.3,2.2,-5.71,21,21,0.813,E_AI_TANY,PC_ENT,PC_ENT_AI_EC,2026-09-02T21:54:16Z,5,True
Spain,ES,Large (250+),LARGE_GE250,2025,True,Cost too high,E_AI_BCST,42.3,41.9,0.4,-0.6743,-0.29,57.5,55.3,2.2,-5.71,21,21,0.813,E_AI_TANY,PC_ENT,PC_ENT_AI_EC,2026-09-02T21:54:16Z,6,True
Spain,ES,Large (250+),LARGE_GE250,2025,True,Legal consequences unclear,E_AI_BLEG,47.7,47.6,0.1,-0.2175,-0.02,57.5,55.3,2.2,-5.71,21,21,0.813,E_AI_TANY,PC_ENT,PC_ENT_AI_EC,2026-09-02T21:54:16Z,7,True
Sweden,SE,Large (250+),LARGE_GE250,2025,True,Cost too high,E_AI_BCST,24.1,41.9,-17.8,-0.6743,12.0,71.9,55.3,16.6,-0.37,21,21,0.813,E_AI_TANY,PC_ENT,PC_ENT_AI_EC,2026-09-02T21:54:16Z,1,True
Sweden,SE,Large (250+),LARGE_GE250,2025,True,AI not useful for us,E_AI_BNU,6.3,12.0,-5.7,1.3409,-7.67,71.9,55.3,16.6,-0.37,21,21,0.813,E_AI_TANY,PC_ENT,PC_ENT_AI_EC,2026-09-02T21:54:16Z,2,True
Sweden,SE,Large (250+),LARGE_GE250,2025,True,Data availability or quality,E_AI_BDDT,51.8,44.7,7.1,0.789,5.58,71.9,55.3,16.6,-0.37,21,21,0.813,E_AI_TANY,PC_ENT,PC_ENT_AI_EC,2026-09-02T21:54:16Z,3,True
Sweden,SE,Large (250+),LARGE_GE250,2025,True,Lack of expertise,E_AI_BLE,69.7,63.6,6.1,0.5916,3.59,71.9,55.3,16.6,-0.37,21,21,0.813,E_AI_TANY,PC_ENT,PC_ENT_AI_EC,2026-09-02T21:54:16Z,4,True
Sweden,SE,Large (250+),LARGE_GE250,2025,True,Legal consequences unclear,E_AI_BLEG,32.4,47.6,-15.2,-0.2175,3.3,71.9,55.3,16.6,-0.37,21,21,0.813,E_AI_TANY,PC_ENT,PC_ENT_AI_EC,2026-09-02T21:54:16Z,5,True
Sweden,SE,Large (250+),LARGE_GE250,2025,True,Incompatible with existing systems,E_AI_BINC,33.9,42.9,-8.9,-0.1525,1.36,71.9,55.3,16.6,-0.37,21,21,0.813,E_AI_TANY,PC_ENT,PC_ENT_AI_EC,2026-09-02T21:54:16Z,6,True
Sweden,SE,Large (250+),LARGE_GE250,2025,True,Privacy and data protection,E_AI_BCDP,52.4,55.5,-3.0,0.3887,-1.17,71.9,55.3,16.6,-0.37,21,21,0.813,E_AI_TANY,PC_ENT,PC_ENT_AI_EC,2026-09-02T21:54:16Z,7,True
All countries (unweighted mean),ALL_MEAN,Medium (50-249),MEDIUM_50_249,2025,False,Cost too high,E_AI_BCST,40.3,40.3,0.0,-0.8786,-0.0,32.2,32.2,0.0,0.0,22,22,0.74,E_AI_TANY,PC_ENT,PC_ENT_AI_EC,2026-09-02T21:54:16Z,1,True
All countries (unweighted mean),ALL_MEAN,Medium (50-249),MEDIUM_50_249,2025,False,Lack of expertise,E_AI_BLE,67.7,67.7,0.0,0.816,0.0,32.2,32.2,0.0,0.0,22,22,0.74,E_AI_TANY,PC_ENT,PC_ENT_AI_EC,2026-09-02T21:54:16Z,2,True
All countries (unweighted mean),ALL_MEAN,Medium (50-249),MEDIUM_50_249,2025,False,Data availability or quality,E_AI_BDDT,40.7,40.7,0.0,-0.2983,-0.0,32.2,32.2,0.0,0.0,22,22,0.74,E_AI_TANY,PC_ENT,PC_ENT_AI_EC,2026-09-02T21:54:16Z,3,True
All countries (unweighted mean),ALL_MEAN,Medium (50-249),MEDIUM_50_249,2025,False,Legal consequences unclear,E_AI_BLEG,47.0,47.0,0.0,0.0559,0.0,32.2,32.2,0.0,0.0,22,22,0.74,E_AI_TANY,PC_ENT,PC_ENT_AI_EC,2026-09-02T21:54:16Z,4,True
All countries (unweighted mean),ALL_MEAN,Medium (50-249),MEDIUM_50_249,2025,False,Privacy and data protection,E_AI_BCDP,49.9,49.9,0.0,-0.0659,-0.0,32.2,32.2,0.0,0.0,22,22,0.74,E_AI_TANY,PC_ENT,PC_ENT_AI_EC,2026-09-02T21:54:16Z,5,True
All countries (unweighted mean),ALL_MEAN,Medium (50-249),MEDIUM_50_249,2025,False,Incompatible with existing systems,E_AI_BINC,42.9,42.9,0.0,0.2037,0.0,32.2,32.2,0.0,0.0,22,22,0.74,E_AI_TANY,PC_ENT,PC_ENT_AI_EC,2026-09-02T21:54:16Z,6,True
All countries (unweighted mean),ALL_MEAN,Medium (50-249),MEDIUM_50_249,2025,False,AI not useful for us,E_AI_BNU,15.0,15.0,0.0,0.1805,0.0,32.2,32.2,0.0,0.0,22,22,0.74,E_AI_TANY,PC_ENT,PC_ENT_AI_EC,2026-09-02T21:54:16Z,7,True
Austria,AT,Medium (50-249),MEDIUM_50_249,2025,True,Cost too high,E_AI_BCST,27.4,40.3,-12.9,-0.8786,11.32,44.6,32.2,12.3,2.61,22,22,0.74,E_AI_TANY,PC_ENT,PC_ENT_AI_EC,2026-09-02T21:54:16Z,1,True
Austria,AT,Medium (50-249),MEDIUM_50_249,2025,True,Incompatible with existing systems,E_AI_BINC,37.5,42.9,-5.4,0.2037,-1.1,44.6,32.2,12.3,2.61,22,22,0.74,E_AI_TANY,PC_ENT,PC_ENT_AI_EC,2026-09-02T21:54:16Z,2,True
Austria,AT,Medium (50-249),MEDIUM_50_249,2025,True,Lack of expertise,E_AI_BLE,66.4,67.7,-1.2,0.816,-1.0,44.6,32.2,12.3,2.61,22,22,0.74,E_AI_TANY,PC_ENT,PC_ENT_AI_EC,2026-09-02T21:54:16Z,3,True
Austria,AT,Medium (50-249),MEDIUM_50_249,2025,True,AI not useful for us,E_AI_BNU,18.0,15.0,3.1,0.1805,0.55,44.6,32.2,12.3,2.61,22,22,0.74,E_AI_TANY,PC_ENT,PC_ENT_AI_EC,2026-09-02T21:54:16Z,4,True
Austria,AT,Medium (50-249),MEDIUM_50_249,2025,True,Data availability or quality,E_AI_BDDT,41.0,40.7,0.3,-0.2983,-0.08,44.6,32.2,12.3,2.61,22,22,0.74,E_AI_TANY,PC_ENT,PC_ENT_AI_EC,2026-09-02T21:54:16Z,5,True
Austria,AT,Medium (50-249),MEDIUM_50_249,2025,True,Legal consequences unclear,E_AI_BLEG,47.6,47.0,0.6,0.0559,0.03,44.6,32.2,12.3,2.61,22,22,0.74,E_AI_TANY,PC_ENT,PC_ENT_AI_EC,2026-09-02T21:54:16Z,6,True
Austria,AT,Medium (50-249),MEDIUM_50_249,2025,True,Privacy and data protection,E_AI_BCDP,50.1,49.9,0.1,-0.0659,-0.01,44.6,32.2,12.3,2.61,22,22,0.74,E_AI_TANY,PC_ENT,PC_ENT_AI_EC,2026-09-02T21:54:16Z,7,True
Belgium,BE,Medium (50-249),MEDIUM_50_249,2025,True,Cost too high,E_AI_BCST,33.2,40.3,-7.0,-0.8786,6.18,54.5,32.2,22.3,15.02,22,22,0.74,E_AI_TANY,PC_ENT,PC_ENT_AI_EC,2026-09-02T21:54:16Z,1,True
Belgium,BE,Medium (50-249),MEDIUM_50_249,2025,True,Lack of expertise,E_AI_BLE,71.9,67.7,4.2,0.816,3.47,54.5,32.2,22.3,15.02,22,22,0.74,E_AI_TANY,PC_ENT,PC_ENT_AI_EC,2026-09-02T21:54:16Z,2,True
Belgium,BE,Medium (50-249),MEDIUM_50_249,2025,True,Incompatible with existing systems,E_AI_BINC,36.3,42.9,-6.6,0.2037,-1.35,54.5,32.2,22.3,15.02,22,22,0.74,E_AI_TANY,PC_ENT,PC_ENT_AI_EC,2026-09-02T21:54:16Z,3,True
Belgium,BE,Medium (50-249),MEDIUM_50_249,2025,True,Privacy and data protection,E_AI_BCDP,61.5,49.9,11.6,-0.0659,-0.76,54.5,32.2,22.3,15.02,22,22,0.74,E_AI_TANY,PC_ENT,PC_ENT_AI_EC,2026-09-02T21:54:16Z,4,True
Belgium,BE,Medium (50-249),MEDIUM_50_249,2025,True,Legal consequences unclear,E_AI_BLEG,57.3,47.0,10.3,0.0559,0.57,54.5,32.2,22.3,15.02,22,22,0.74,E_AI_TANY,PC_ENT,PC_ENT_AI_EC,2026-09-02T21:54:16Z,5,True
Belgium,BE,Medium (50-249),MEDIUM_50_249,2025,True,AI not useful for us,E_AI_BNU,12.0,15.0,-2.9,0.1805,-0.53,54.5,32.2,22.3,15.02,22,22,0.74,E_AI_TANY,PC_ENT,PC_ENT_AI_EC,2026-09-02T21:54:16Z,6,True
Belgium,BE,Medium (50-249),MEDIUM_50_249,2025,True,Data availability or quality,E_AI_BDDT,41.8,40.7,1.1,-0.2983,-0.34,54.5,32.2,22.3,15.02,22,22,0.74,E_AI_TANY,PC_ENT,PC_ENT_AI_EC,2026-09-02T21:54:16Z,7,True
Bulgaria,BG,Medium (50-249),MEDIUM_50_249,2025,True,Cost too high,E_AI_BCST,50.6,40.3,10.3,-0.8786,-9.03,13.3,32.2,-18.9,-4.58,22,22,0.74,E_AI_TANY,PC_ENT,PC_ENT_AI_EC,2026-09-02T21:54:16Z,1,True
Bulgaria,BG,Medium (50-249),MEDIUM_50_249,2025,True,Lack of expertise,E_AI_BLE,61.9,67.7,-5.7,0.816,-4.68,13.3,32.2,-18.9,-4.58,22,22,0.74,E_AI_TANY,PC_ENT,PC_ENT_AI_EC,2026-09-02T21:54:16Z,2,True
Bulgaria,BG,Medium (50-249),MEDIUM_50_249,2025,True,AI not useful for us,E_AI_BNU,9.2,15.0,-5.8,0.1805,-1.05,13.3,32.2,-18.9,-4.58,22,22,0.74,E_AI_TANY,PC_ENT,PC_ENT_AI_EC,2026-09-02T21:54:16Z,3,True
Bulgaria,BG,Medium (50-249),MEDIUM_50_249,2025,True,Incompatible with existing systems,E_AI_BINC,47.0,42.9,4.0,0.2037,0.82,13.3,32.2,-18.9,-4.58,22,22,0.74,E_AI_TANY,PC_ENT,PC_ENT_AI_EC,2026-09-02T21:54:16Z,4,True
Bulgaria,BG,Medium (50-249),MEDIUM_50_249,2025,True,Data availability or quality,E_AI_BDDT,42.4,40.7,1.6,-0.2983,-0.49,13.3,32.2,-18.9,-4.58,22,22,0.74,E_AI_TANY,PC_ENT,PC_ENT_AI_EC,2026-09-02T21:54:16Z,5,True
Bulgaria,BG,Medium (50-249),MEDIUM_50_249,2025,True,Privacy and data protection,E_AI_BCDP,45.5,49.9,-4.4,-0.0659,0.29,13.3,32.2,-18.9,-4.58,22,22,0.74,E_AI_TANY,PC_ENT,PC_ENT_AI_EC,2026-09-02T21:54:16Z,6,True
Bulgaria,BG,Medium (50-249),MEDIUM_50_249,2025,True,Legal consequences unclear,E_AI_BLEG,43.3,47.0,-3.7,0.0559,-0.2,13.3,32.2,-18.9,-4.58,22,22,0.74,E_AI_TANY,PC_ENT,PC_ENT_AI_EC,2026-09-02T21:54:16Z,7,True
Croatia,HR,Medium (50-249),MEDIUM_50_249,2025,True,Cost too high,E_AI_BCST,60.2,40.3,20.0,-0.8786,-17.55,25.5,32.2,-6.7,7.62,22,22,0.74,E_AI_TANY,PC_ENT,PC_ENT_AI_EC,2026-09-02T21:54:16Z,1,True
Croatia,HR,Medium (50-249),MEDIUM_50_249,2025,True,Incompatible with existing systems,E_AI_BINC,53.7,42.9,10.8,0.2037,2.19,25.5,32.2,-6.7,7.62,22,22,0.74,E_AI_TANY,PC_ENT,PC_ENT_AI_EC,2026-09-02T21:54:16Z,2,True
Croatia,HR,Medium (50-249),MEDIUM_50_249,2025,True,Data availability or quality,E_AI_BDDT,35.1,40.7,-5.6,-0.2983,1.68,25.5,32.2,-6.7,7.62,22,22,0.74,E_AI_TANY,PC_ENT,PC_ENT_AI_EC,2026-09-02T21:54:16Z,3,True
Croatia,HR,Medium (50-249),MEDIUM_50_249,2025,True,Lack of expertise,E_AI_BLE,65.8,67.7,-1.9,0.816,-1.53,25.5,32.2,-6.7,7.62,22,22,0.74,E_AI_TANY,PC_ENT,PC_ENT_AI_EC,2026-09-02T21:54:16Z,4,True
Croatia,HR,Medium (50-249),MEDIUM_50_249,2025,True,Privacy and data protection,E_AI_BCDP,38.3,49.9,-11.7,-0.0659,0.77,25.5,32.2,-6.7,7.62,22,22,0.74,E_AI_TANY,PC_ENT,PC_ENT_AI_EC,2026-09-02T21:54:16Z,5,True
Croatia,HR,Medium (50-249),MEDIUM_50_249,2025,True,Legal consequences unclear,E_AI_BLEG,48.5,47.0,1.5,0.0559,0.08,25.5,32.2,-6.7,7.62,22,22,0.74,E_AI_TANY,PC_ENT,PC_ENT_AI_EC,2026-09-02T21:54:16Z,6,True
Croatia,HR,Medium (50-249),MEDIUM_50_249,2025,True,AI not useful for us,E_AI_BNU,15.1,15.0,0.1,0.1805,0.02,25.5,32.2,-6.7,7.62,22,22,0.74,E_AI_TANY,PC_ENT,PC_ENT_AI_EC,2026-09-02T21:54:16Z,7,True
Cyprus,CY,Medium (50-249),MEDIUM_50_249,2025,True,Lack of expertise,E_AI_BLE,63.7,67.7,-4.0,0.816,-3.26,15.3,32.2,-16.9,-13.82,22,22,0.74,E_AI_TANY,PC_ENT,PC_ENT_AI_EC,2026-09-02T21:54:16Z,1,True
Cyprus,CY,Medium (50-249),MEDIUM_50_249,2025,True,Data availability or quality,E_AI_BDDT,46.5,40.7,5.8,-0.2983,-1.73,15.3,32.2,-16.9,-13.82,22,22,0.74,E_AI_TANY,PC_ENT,PC_ENT_AI_EC,2026-09-02T21:54:16Z,2,True
Cyprus,CY,Medium (50-249),MEDIUM_50_249,2025,True,Incompatible with existing systems,E_AI_BINC,49.8,42.9,6.9,0.2037,1.41,15.3,32.2,-16.9,-13.82,22,22,0.74,E_AI_TANY,PC_ENT,PC_ENT_AI_EC,2026-09-02T21:54:16Z,3,True
Cyprus,CY,Medium (50-249),MEDIUM_50_249,2025,True,Legal consequences unclear,E_AI_BLEG,63.8,47.0,16.8,0.0559,0.94,15.3,32.2,-16.9,-13.82,22,22,0.74,E_AI_TANY,PC_ENT,PC_ENT_AI_EC,2026-09-02T21:54:16Z,4,True
Cyprus,CY,Medium (50-249),MEDIUM_50_249,2025,True,AI not useful for us,E_AI_BNU,10.0,15.0,-4.9,0.1805,-0.89,15.3,32.2,-16.9,-13.82,22,22,0.74,E_AI_TANY,PC_ENT,PC_ENT_AI_EC,2026-09-02T21:54:16Z,5,True
Cyprus,CY,Medium (50-249),MEDIUM_50_249,2025,True,Cost too high,E_AI_BCST,39.4,40.3,-0.8,-0.8786,0.74,15.3,32.2,-16.9,-13.82,22,22,0.74,E_AI_TANY,PC_ENT,PC_ENT_AI_EC,2026-09-02T21:54:16Z,6,True
Cyprus,CY,Medium (50-249),MEDIUM_50_249,2025,True,Privacy and data protection,E_AI_BCDP,54.6,49.9,4.7,-0.0659,-0.31,15.3,32.2,-16.9,-13.82,22,22,0.74,E_AI_TANY,PC_ENT,PC_ENT_AI_EC,2026-09-02T21:54:16Z,7,True
Denmark,DK,Medium (50-249),MEDIUM_50_249,2025,True,Cost too high,E_AI_BCST,18.7,40.3,-21.6,-0.8786,18.96,58.3,32.2,26.0,-2.97,22,22,0.74,E_AI_TANY,PC_ENT,PC_ENT_AI_EC,2026-09-02T21:54:16Z,1,True
Denmark,DK,Medium (50-249),MEDIUM_50_249,2025,True,Lack of expertise,E_AI_BLE,81.7,67.7,14.0,0.816,11.46,58.3,32.2,26.0,-2.97,22,22,0.74,E_AI_TANY,PC_ENT,PC_ENT_AI_EC,2026-09-02T21:54:16Z,2,True
Denmark,DK,Medium (50-249),MEDIUM_50_249,2025,True,Incompatible with existing systems,E_AI_BINC,38.0,42.9,-4.9,0.2037,-1.0,58.3,32.2,26.0,-2.97,22,22,0.74,E_AI_TANY,PC_ENT,PC_ENT_AI_EC,2026-09-02T21:54:16Z,3,True
Denmark,DK,Medium (50-249),MEDIUM_50_249,2025,True,AI not useful for us,E_AI_BNU,12.7,15.0,-2.3,0.1805,-0.41,58.3,32.2,26.0,-2.97,22,22,0.74,E_AI_TANY,PC_ENT,PC_ENT_AI_EC,2026-09-02T21:54:16Z,4,True
Denmark,DK,Medium (50-249),MEDIUM_50_249,2025,True,Legal consequences unclear,E_AI_BLEG,44.0,47.0,-3.0,0.0559,-0.17,58.3,32.2,26.0,-2.97,22,22,0.74,E_AI_TANY,PC_ENT,PC_ENT_AI_EC,2026-09-02T21:54:16Z,5,True
Denmark,DK,Medium (50-249),MEDIUM_50_249,2025,True,Privacy and data protection,E_AI_BCDP,48.0,49.9,-1.9,-0.0659,0.13,58.3,32.2,26.0,-2.97,22,22,0.74,E_AI_TANY,PC_ENT,PC_ENT_AI_EC,2026-09-02T21:54:16Z,6,True
Denmark,DK,Medium (50-249),MEDIUM_50_249,2025,True,Data availability or quality,E_AI_BDDT,40.6,40.7,-0.2,-0.2983,0.05,58.3,32.2,26.0,-2.97,22,22,0.74,E_AI_TANY,PC_ENT,PC_ENT_AI_EC,2026-09-02T21:54:16Z,7,True
European Union - 27 countries (from 2020),EU27_2020,Medium (50-249),MEDIUM_50_249,2025,False,Cost too high,E_AI_BCST,37.3,40.3,-2.9,-0.8786,2.59,30.4,32.2,-1.9,-4.63,22,22,0.74,E_AI_TANY,PC_ENT,PC_ENT_AI_EC,2026-09-02T21:54:16Z,1,True
European Union - 27 countries (from 2020),EU27_2020,Medium (50-249),MEDIUM_50_249,2025,False,Lack of expertise,E_AI_BLE,69.2,67.7,1.5,0.816,1.23,30.4,32.2,-1.9,-4.63,22,22,0.74,E_AI_TANY,PC_ENT,PC_ENT_AI_EC,2026-09-02T21:54:16Z,2,True
European Union - 27 countries (from 2020),EU27_2020,Medium (50-249),MEDIUM_50_249,2025,False,Data availability or quality,E_AI_BDDT,42.8,40.7,2.1,-0.2983,-0.63,30.4,32.2,-1.9,-4.63,22,22,0.74,E_AI_TANY,PC_ENT,PC_ENT_AI_EC,2026-09-02T21:54:16Z,3,True
European Union - 27 countries (from 2020),EU27_2020,Medium (50-249),MEDIUM_50_249,2025,False,AI not useful for us,E_AI_BNU,13.8,15.0,-1.2,0.1805,-0.22,30.4,32.2,-1.9,-4.63,22,22,0.74,E_AI_TANY,PC_ENT,PC_ENT_AI_EC,2026-09-02T21:54:16Z,4,True
European Union - 27 countries (from 2020),EU27_2020,Medium (50-249),MEDIUM_50_249,2025,False,Incompatible with existing systems,E_AI_BINC,42.0,42.9,-0.9,0.2037,-0.19,30.4,32.2,-1.9,-4.63,22,22,0.74,E_AI_TANY,PC_ENT,PC_ENT_AI_EC,2026-09-02T21:54:16Z,5,True
European Union - 27 countries (from 2020),EU27_2020,Medium (50-249),MEDIUM_50_249,2025,False,Privacy and data protection,E_AI_BCDP,52.3,49.9,2.4,-0.0659,-0.16,30.4,32.2,-1.9,-4.63,22,22,0.74,E_AI_TANY,PC_ENT,PC_ENT_AI_EC,2026-09-02T21:54:16Z,6,True
European Union - 27 countries (from 2020),EU27_2020,Medium (50-249),MEDIUM_50_249,2025,False,Legal consequences unclear,E_AI_BLEG,49.4,47.0,2.4,0.0559,0.14,30.4,32.2,-1.9,-4.63,22,22,0.74,E_AI_TANY,PC_ENT,PC_ENT_AI_EC,2026-09-02T21:54:16Z,7,True
Finland,FI,Medium (50-249),MEDIUM_50_249,2025,True,Cost too high,E_AI_BCST,28.0,40.3,-12.2,-0.8786,10.74,51.4,32.2,19.1,13.08,22,22,0.74,E_AI_TANY,PC_ENT,PC_ENT_AI_EC,2026-09-02T21:54:16Z,1,True
Finland,FI,Medium (50-249),MEDIUM_50_249,2025,True,Lack of expertise,E_AI_BLE,62.4,67.7,-5.3,0.816,-4.33,51.4,32.2,19.1,13.08,22,22,0.74,E_AI_TANY,PC_ENT,PC_ENT_AI_EC,2026-09-02T21:54:16Z,2,True
Finland,FI,Medium (50-249),MEDIUM_50_249,2025,True,Incompatible with existing systems,E_AI_BINC,52.7,42.9,9.7,0.2037,1.98,51.4,32.2,19.1,13.08,22,22,0.74,E_AI_TANY,PC_ENT,PC_ENT_AI_EC,2026-09-02T21:54:16Z,3,True
Finland,FI,Medium (50-249),MEDIUM_50_249,2025,True,Data availability or quality,E_AI_BDDT,45.9,40.7,5.2,-0.2983,-1.55,51.4,32.2,19.1,13.08,22,22,0.74,E_AI_TANY,PC_ENT,PC_ENT_AI_EC,2026-09-02T21:54:16Z,4,True
Finland,FI,Medium (50-249),MEDIUM_50_249,2025,True,AI not useful for us,E_AI_BNU,12.8,15.0,-2.2,0.1805,-0.39,51.4,32.2,19.1,13.08,22,22,0.74,E_AI_TANY,PC_ENT,PC_ENT_AI_EC,2026-09-02T21:54:16Z,5,True
Finland,FI,Medium (50-249),MEDIUM_50_249,2025,True,Legal consequences unclear,E_AI_BLEG,40.9,47.0,-6.1,0.0559,-0.34,51.4,32.2,19.1,13.08,22,22,0.74,E_AI_TANY,PC_ENT,PC_ENT_AI_EC,2026-09-02T21:54:16Z,6,True
Finland,FI,Medium (50-249),MEDIUM_50_249,2025,True,Privacy and data protection,E_AI_BCDP,50.8,49.9,0.9,-0.0659,-0.06,51.4,32.2,19.1,13.08,22,22,0.74,E_AI_TANY,PC_ENT,PC_ENT_AI_EC,2026-09-02T21:54:16Z,7,True
Germany,DE,Medium (50-249),MEDIUM_50_249,2025,True,Cost too high,E_AI_BCST,32.2,40.3,-8.1,-0.8786,7.12,35.6,32.2,3.3,-6.2,22,22,0.74,E_AI_TANY,PC_ENT,PC_ENT_AI_EC,2026-09-02T21:54:16Z,1,True
Germany,DE,Medium (50-249),MEDIUM_50_249,2025,True,Lack of expertise,E_AI_BLE,71.7,67.7,4.0,0.816,3.26,35.6,32.2,3.3,-6.2,22,22,0.74,E_AI_TANY,PC_ENT,PC_ENT_AI_EC,2026-09-02T21:54:16Z,2,True
Germany,DE,Medium (50-249),MEDIUM_50_249,2025,True,Data availability or quality,E_AI_BDDT,44.7,40.7,4.0,-0.2983,-1.19,35.6,32.2,3.3,-6.2,22,22,0.74,E_AI_TANY,PC_ENT,PC_ENT_AI_EC,2026-09-02T21:54:16Z,3,True
Germany,DE,Medium (50-249),MEDIUM_50_249,2025,True,Incompatible with existing systems,E_AI_BINC,46.2,42.9,3.2,0.2037,0.66,35.6,32.2,3.3,-6.2,22,22,0.74,E_AI_TANY,PC_ENT,PC_ENT_AI_EC,2026-09-02T21:54:16Z,4,True
Germany,DE,Medium (50-249),MEDIUM_50_249,2025,True,Privacy and data protection,E_AI_BCDP,59.5,49.9,9.6,-0.0659,-0.63,35.6,32.2,3.3,-6.2,22,22,0.74,E_AI_TANY,PC_ENT,PC_ENT_AI_EC,2026-09-02T21:54:16Z,5,True
Germany,DE,Medium (50-249),MEDIUM_50_249,2025,True,Legal consequences unclear,E_AI_BLEG,56.0,47.0,9.0,0.0559,0.5,35.6,32.2,3.3,-6.2,22,22,0.74,E_AI_TANY,PC_ENT,PC_ENT_AI_EC,2026-09-02T21:54:16Z,6,True
Germany,DE,Medium (50-249),MEDIUM_50_249,2025,True,AI not useful for us,E_AI_BNU,13.9,15.0,-1.1,0.1805,-0.2,35.6,32.2,3.3,-6.2,22,22,0.74,E_AI_TANY,PC_ENT,PC_ENT_AI_EC,2026-09-02T21:54:16Z,7,True
Greece,EL,Medium (50-249),MEDIUM_50_249,2025,True,Cost too high,E_AI_BCST,55.6,40.3,15.3,-0.8786,-13.44,15.2,32.2,-17.0,-9.08,22,22,0.74,E_AI_TANY,PC_ENT,PC_ENT_AI_EC,2026-09-02T21:54:16Z,1,True
Greece,EL,Medium (50-249),MEDIUM_50_249,2025,True,Data availability or quality,E_AI_BDDT,32.5,40.7,-8.2,-0.2983,2.44,15.2,32.2,-17.0,-9.08,22,22,0.74,E_AI_TANY,PC_ENT,PC_ENT_AI_EC,2026-09-02T21:54:16Z,2,True
Greece,EL,Medium (50-249),MEDIUM_50_249,2025,True,Incompatible with existing systems,E_AI_BINC,53.8,42.9,10.8,0.2037,2.21,15.2,32.2,-17.0,-9.08,22,22,0.74,E_AI_TANY,PC_ENT,PC_ENT_AI_EC,2026-09-02T21:54:16Z,3,True
Greece,EL,Medium (50-249),MEDIUM_50_249,2025,True,Lack of expertise,E_AI_BLE,69.2,67.7,1.5,0.816,1.26,15.2,32.2,-17.0,-9.08,22,22,0.74,E_AI_TANY,PC_ENT,PC_ENT_AI_EC,2026-09-02T21:54:16Z,4,True
Greece,EL,Medium (50-249),MEDIUM_50_249,2025,True,Privacy and data protection,E_AI_BCDP,34.1,49.9,-15.8,-0.0659,1.04,15.2,32.2,-17.0,-9.08,22,22,0.74,E_AI_TANY,PC_ENT,PC_ENT_AI_EC,2026-09-02T21:54:16Z,5,True
Greece,EL,Medium (50-249),MEDIUM_50_249,2025,True,AI not useful for us,E_AI_BNU,10.8,15.0,-4.2,0.1805,-0.76,15.2,32.2,-17.0,-9.08,22,22,0.74,E_AI_TANY,PC_ENT,PC_ENT_AI_EC,2026-09-02T21:54:16Z,6,True
Greece,EL,Medium (50-249),MEDIUM_50_249,2025,True,Legal consequences unclear,E_AI_BLEG,34.4,47.0,-12.6,0.0559,-0.71,15.2,32.2,-17.0,-9.08,22,22,0.74,E_AI_TANY,PC_ENT,PC_ENT_AI_EC,2026-09-02T21:54:16Z,7,True
Hungary,HU,Medium (50-249),MEDIUM_50_249,2025,True,Cost too high,E_AI_BCST,55.0,40.3,14.7,-0.8786,-12.95,15.3,32.2,-16.9,-7.39,22,22,0.74,E_AI_TANY,PC_ENT,PC_ENT_AI_EC,2026-09-02T21:54:16Z,1,True
Hungary,HU,Medium (50-249),MEDIUM_50_249,2025,True,Lack of expertise,E_AI_BLE,71.6,67.7,3.9,0.816,3.22,15.3,32.2,-16.9,-7.39,22,22,0.74,E_AI_TANY,PC_ENT,PC_ENT_AI_EC,2026-09-02T21:54:16Z,2,True
Hungary,HU,Medium (50-249),MEDIUM_50_249,2025,True,Data availability or quality,E_AI_BDDT,33.7,40.7,-7.0,-0.2983,2.09,15.3,32.2,-16.9,-7.39,22,22,0.74,E_AI_TANY,PC_ENT,PC_ENT_AI_EC,2026-09-02T21:54:16Z,3,True
Hungary,HU,Medium (50-249),MEDIUM_50_249,2025,True,Incompatible with existing systems,E_AI_BINC,34.6,42.9,-8.3,0.2037,-1.69,15.3,32.2,-16.9,-7.39,22,22,0.74,E_AI_TANY,PC_ENT,PC_ENT_AI_EC,2026-09-02T21:54:16Z,4,True
Hungary,HU,Medium (50-249),MEDIUM_50_249,2025,True,AI not useful for us,E_AI_BNU,16.3,15.0,1.3,0.1805,0.24,15.3,32.2,-16.9,-7.39,22,22,0.74,E_AI_TANY,PC_ENT,PC_ENT_AI_EC,2026-09-02T21:54:16Z,5,True
Hungary,HU,Medium (50-249),MEDIUM_50_249,2025,True,Legal consequences unclear,E_AI_BLEG,42.9,47.0,-4.1,0.0559,-0.23,15.3,32.2,-16.9,-7.39,22,22,0.74,E_AI_TANY,PC_ENT,PC_ENT_AI_EC,2026-09-02T21:54:16Z,6,True
Hungary,HU,Medium (50-249),MEDIUM_50_249,2025,True,Privacy and data protection,E_AI_BCDP,52.6,49.9,2.6,-0.0659,-0.17,15.3,32.2,-16.9,-7.39,22,22,0.74,E_AI_TANY,PC_ENT,PC_ENT_AI_EC,2026-09-02T21:54:16Z,7,True
Italy,IT,Medium (50-249),MEDIUM_50_249,2025,True,Lack of expertise,E_AI_BLE,56.9,67.7,-10.8,0.816,-8.77,27.6,32.2,-4.6,1.43,22,22,0.74,E_AI_TANY,PC_ENT,PC_ENT_AI_EC,2026-09-02T21:54:16Z,1,True
Italy,IT,Medium (50-249),MEDIUM_50_249,2025,True,Cost too high,E_AI_BCST,34.8,40.3,-5.4,-0.8786,4.77,27.6,32.2,-4.6,1.43,22,22,0.74,E_AI_TANY,PC_ENT,PC_ENT_AI_EC,2026-09-02T21:54:16Z,2,True
Italy,IT,Medium (50-249),MEDIUM_50_249,2025,True,Incompatible with existing systems,E_AI_BINC,32.9,42.9,-10.1,0.2037,-2.05,27.6,32.2,-4.6,1.43,22,22,0.74,E_AI_TANY,PC_ENT,PC_ENT_AI_EC,2026-09-02T21:54:16Z,3,True
Italy,IT,Medium (50-249),MEDIUM_50_249,2025,True,AI not useful for us,E_AI_BNU,11.3,15.0,-3.7,0.1805,-0.66,27.6,32.2,-4.6,1.43,22,22,0.74,E_AI_TANY,PC_ENT,PC_ENT_AI_EC,2026-09-02T21:54:16Z,4,True
Italy,IT,Medium (50-249),MEDIUM_50_249,2025,True,Privacy and data protection,E_AI_BCDP,41.7,49.9,-8.2,-0.0659,0.54,27.6,32.2,-4.6,1.43,22,22,0.74,E_AI_TANY,PC_ENT,PC_ENT_AI_EC,2026-09-02T21:54:16Z,5,True
Italy,IT,Medium (50-249),MEDIUM_50_249,2025,True,Data availability or quality,E_AI_BDDT,39.2,40.7,-1.5,-0.2983,0.46,27.6,32.2,-4.6,1.43,22,22,0.74,E_AI_TANY,PC_ENT,PC_ENT_AI_EC,2026-09-02T21:54:16Z,6,True
Italy,IT,Medium (50-249),MEDIUM_50_249,2025,True,Legal consequences unclear,E_AI_BLEG,41.3,47.0,-5.7,0.0559,-0.32,27.6,32.2,-4.6,1.43,22,22,0.74,E_AI_TANY,PC_ENT,PC_ENT_AI_EC,2026-09-02T21:54:16Z,7,True
Latvia,LV,Medium (50-249),MEDIUM_50_249,2025,True,Lack of expertise,E_AI_BLE,60.6,67.7,-7.1,0.816,-5.76,19.8,32.2,-12.4,-7.51,22,22,0.74,E_AI_TANY,PC_ENT,PC_ENT_AI_EC,2026-09-02T21:54:16Z,1,True
Latvia,LV,Medium (50-249),MEDIUM_50_249,2025,True,AI not useful for us,E_AI_BNU,39.9,15.0,24.9,0.1805,4.49,19.8,32.2,-12.4,-7.51,22,22,0.74,E_AI_TANY,PC_ENT,PC_ENT_AI_EC,2026-09-02T21:54:16Z,2,True
Latvia,LV,Medium (50-249),MEDIUM_50_249,2025,True,Cost too high,E_AI_BCST,42.0,40.3,1.8,-0.8786,-1.57,19.8,32.2,-12.4,-7.51,22,22,0.74,E_AI_TANY,PC_ENT,PC_ENT_AI_EC,2026-09-02T21:54:16Z,3,True
Latvia,LV,Medium (50-249),MEDIUM_50_249,2025,True,Privacy and data protection,E_AI_BCDP,67.9,49.9,18.0,-0.0659,-1.18,19.8,32.2,-12.4,-7.51,22,22,0.74,E_AI_TANY,PC_ENT,PC_ENT_AI_EC,2026-09-02T21:54:16Z,4,True
Latvia,LV,Medium (50-249),MEDIUM_50_249,2025,True,Data availability or quality,E_AI_BDDT,44.0,40.7,3.2,-0.2983,-0.96,19.8,32.2,-12.4,-7.51,22,22,0.74,E_AI_TANY,PC_ENT,PC_ENT_AI_EC,2026-09-02T21:54:16Z,5,True
Latvia,LV,Medium (50-249),MEDIUM_50_249,2025,True,Legal consequences unclear,E_AI_BLEG,56.4,47.0,9.4,0.0559,0.53,19.8,32.2,-12.4,-7.51,22,22,0.74,E_AI_TANY,PC_ENT,PC_ENT_AI_EC,2026-09-02T21:54:16Z,6,True
Latvia,LV,Medium (50-249),MEDIUM_50_249,2025,True,Incompatible with existing systems,E_AI_BINC,40.6,42.9,-2.3,0.2037,-0.48,19.8,32.2,-12.4,-7.51,22,22,0.74,E_AI_TANY,PC_ENT,PC_ENT_AI_EC,2026-09-02T21:54:16Z,7,True
Luxembourg,LU,Medium (50-249),MEDIUM_50_249,2025,True,Data availability or quality,E_AI_BDDT,34.2,40.7,-6.5,-0.2983,1.93,43.7,32.2,11.5,8.28,22,22,0.74,E_AI_TANY,PC_ENT,PC_ENT_AI_EC,2026-09-02T21:54:16Z,1,True
Luxembourg,LU,Medium (50-249),MEDIUM_50_249,2025,True,Cost too high,E_AI_BCST,38.4,40.3,-1.9,-0.8786,1.69,43.7,32.2,11.5,8.28,22,22,0.74,E_AI_TANY,PC_ENT,PC_ENT_AI_EC,2026-09-02T21:54:16Z,2,True
Luxembourg,LU,Medium (50-249),MEDIUM_50_249,2025,True,AI not useful for us,E_AI_BNU,10.6,15.0,-4.4,0.1805,-0.8,43.7,32.2,11.5,8.28,22,22,0.74,E_AI_TANY,PC_ENT,PC_ENT_AI_EC,2026-09-02T21:54:16Z,3,True
Luxembourg,LU,Medium (50-249),MEDIUM_50_249,2025,True,Incompatible with existing systems,E_AI_BINC,46.7,42.9,3.8,0.2037,0.76,43.7,32.2,11.5,8.28,22,22,0.74,E_AI_TANY,PC_ENT,PC_ENT_AI_EC,2026-09-02T21:54:16Z,4,True
Luxembourg,LU,Medium (50-249),MEDIUM_50_249,2025,True,Privacy and data protection,E_AI_BCDP,58.9,49.9,9.0,-0.0659,-0.59,43.7,32.2,11.5,8.28,22,22,0.74,E_AI_TANY,PC_ENT,PC_ENT_AI_EC,2026-09-02T21:54:16Z,5,True
Luxembourg,LU,Medium (50-249),MEDIUM_50_249,2025,True,Legal consequences unclear,E_AI_BLEG,52.1,47.0,5.1,0.0559,0.29,43.7,32.2,11.5,8.28,22,22,0.74,E_AI_TANY,PC_ENT,PC_ENT_AI_EC,2026-09-02T21:54:16Z,6,True
Luxembourg,LU,Medium (50-249),MEDIUM_50_249,2025,True,Lack of expertise,E_AI_BLE,67.5,67.7,-0.1,0.816,-0.11,43.7,32.2,11.5,8.28,22,22,0.74,E_AI_TANY,PC_ENT,PC_ENT_AI_EC,2026-09-02T21:54:16Z,7,True
Malta,MT,Medium (50-249),MEDIUM_50_249,2025,True,Lack of expertise,E_AI_BLE,58.3,67.7,-9.4,0.816,-7.67,30.7,32.2,-1.6,4.27,22,22,0.74,E_AI_TANY,PC_ENT,PC_ENT_AI_EC,2026-09-02T21:54:16Z,1,True
Malta,MT,Medium (50-249),MEDIUM_50_249,2025,True,Data availability or quality,E_AI_BDDT,30.6,40.7,-10.1,-0.2983,3.01,30.7,32.2,-1.6,4.27,22,22,0.74,E_AI_TANY,PC_ENT,PC_ENT_AI_EC,2026-09-02T21:54:16Z,2,True
Malta,MT,Medium (50-249),MEDIUM_50_249,2025,True,Cost too high,E_AI_BCST,42.2,40.3,1.9,-0.8786,-1.65,30.7,32.2,-1.6,4.27,22,22,0.74,E_AI_TANY,PC_ENT,PC_ENT_AI_EC,2026-09-02T21:54:16Z,3,True
Malta,MT,Medium (50-249),MEDIUM_50_249,2025,True,Privacy and data protection,E_AI_BCDP,27.6,49.9,-22.3,-0.0659,1.47,30.7,32.2,-1.6,4.27,22,22,0.74,E_AI_TANY,PC_ENT,PC_ENT_AI_EC,2026-09-02T21:54:16Z,4,True
Malta,MT,Medium (50-249),MEDIUM_50_249,2025,True,Legal consequences unclear,E_AI_BLEG,28.1,47.0,-18.9,0.0559,-1.06,30.7,32.2,-1.6,4.27,22,22,0.74,E_AI_TANY,PC_ENT,PC_ENT_AI_EC,2026-09-02T21:54:16Z,5,True
Malta,MT,Medium (50-249),MEDIUM_50_249,2025,True,Incompatible with existing systems,E_AI_BINC,44.7,42.9,1.8,0.2037,0.36,30.7,32.2,-1.6,4.27,22,22,0.74,E_AI_TANY,PC_ENT,PC_ENT_AI_EC,2026-09-02T21:54:16Z,6,True
Malta,MT,Medium (50-249),MEDIUM_50_249,2025,True,AI not useful for us,E_AI_BNU,13.4,15.0,-1.6,0.1805,-0.28,30.7,32.2,-1.6,4.27,22,22,0.74,E_AI_TANY,PC_ENT,PC_ENT_AI_EC,2026-09-02T21:54:16Z,7,True
Netherlands,NL,Medium (50-249),MEDIUM_50_249,2025,True,Cost too high,E_AI_BCST,19.5,40.3,-20.7,-0.8786,18.22,46.6,32.2,14.4,-7.58,22,22,0.74,E_AI_TANY,PC_ENT,PC_ENT_AI_EC,2026-09-02T21:54:16Z,1,True
Netherlands,NL,Medium (50-249),MEDIUM_50_249,2025,True,Lack of expertise,E_AI_BLE,76.1,67.7,8.4,0.816,6.85,46.6,32.2,14.4,-7.58,22,22,0.74,E_AI_TANY,PC_ENT,PC_ENT_AI_EC,2026-09-02T21:54:16Z,2,True
Netherlands,NL,Medium (50-249),MEDIUM_50_249,2025,True,AI not useful for us,E_AI_BNU,9.1,15.0,-5.9,0.1805,-1.06,46.6,32.2,14.4,-7.58,22,22,0.74,E_AI_TANY,PC_ENT,PC_ENT_AI_EC,2026-09-02T21:54:16Z,3,True
Netherlands,NL,Medium (50-249),MEDIUM_50_249,2025,True,Data availability or quality,E_AI_BDDT,44.1,40.7,3.3,-0.2983,-0.99,46.6,32.2,14.4,-7.58,22,22,0.74,E_AI_TANY,PC_ENT,PC_ENT_AI_EC,2026-09-02T21:54:16Z,4,True
Netherlands,NL,Medium (50-249),MEDIUM_50_249,2025,True,Incompatible with existing systems,E_AI_BINC,39.8,42.9,-3.1,0.2037,-0.64,46.6,32.2,14.4,-7.58,22,22,0.74,E_AI_TANY,PC_ENT,PC_ENT_AI_EC,2026-09-02T21:54:16Z,5,True
Netherlands,NL,Medium (50-249),MEDIUM_50_249,2025,True,Legal consequences unclear,E_AI_BLEG,41.5,47.0,-5.5,0.0559,-0.31,46.6,32.2,14.4,-7.58,22,22,0.74,E_AI_TANY,PC_ENT,PC_ENT_AI_EC,2026-09-02T21:54:16Z,6,True
Netherlands,NL,Medium (50-249),MEDIUM_50_249,2025,True,Privacy and data protection,E_AI_BCDP,51.5,49.9,1.5,-0.0659,-0.1,46.6,32.2,14.4,-7.58,22,22,0.74,E_AI_TANY,PC_ENT,PC_ENT_AI_EC,2026-09-02T21:54:16Z,7,True
Norway,NO,Medium (50-249),MEDIUM_50_249,2025,True,Cost too high,E_AI_BCST,27.4,40.3,-12.8,-0.8786,11.29,45.3,32.2,13.1,-1.48,22,22,0.74,E_AI_TANY,PC_ENT,PC_ENT_AI_EC,2026-09-02T21:54:16Z,1,True
Norway,NO,Medium (50-249),MEDIUM_50_249,2025,True,Lack of expertise,E_AI_BLE,75.6,67.7,8.0,0.816,6.5,45.3,32.2,13.1,-1.48,22,22,0.74,E_AI_TANY,PC_ENT,PC_ENT_AI_EC,2026-09-02T21:54:16Z,2,True
Norway,NO,Medium (50-249),MEDIUM_50_249,2025,True,Incompatible with existing systems,E_AI_BINC,35.7,42.9,-7.2,0.2037,-1.48,45.3,32.2,13.1,-1.48,22,22,0.74,E_AI_TANY,PC_ENT,PC_ENT_AI_EC,2026-09-02T21:54:16Z,3,True
Norway,NO,Medium (50-249),MEDIUM_50_249,2025,True,AI not useful for us,E_AI_BNU,8.7,15.0,-6.3,0.1805,-1.14,45.3,32.2,13.1,-1.48,22,22,0.74,E_AI_TANY,PC_ENT,PC_ENT_AI_EC,2026-09-02T21:54:16Z,4,True
Norway,NO,Medium (50-249),MEDIUM_50_249,2025,True,Data availability or quality,E_AI_BDDT,42.2,40.7,1.5,-0.2983,-0.45,45.3,32.2,13.1,-1.48,22,22,0.74,E_AI_TANY,PC_ENT,PC_ENT_AI_EC,2026-09-02T21:54:16Z,5,True
Norway,NO,Medium (50-249),MEDIUM_50_249,2025,True,Legal consequences unclear,E_AI_BLEG,43.1,47.0,-3.8,0.0559,-0.22,45.3,32.2,13.1,-1.48,22,22,0.74,E_AI_TANY,PC_ENT,PC_ENT_AI_EC,2026-09-02T21:54:16Z,6,True
Norway,NO,Medium (50-249),MEDIUM_50_249,2025,True,Privacy and data protection,E_AI_BCDP,48.7,49.9,-1.2,-0.0659,0.08,45.3,32.2,13.1,-1.48,22,22,0.74,E_AI_TANY,PC_ENT,PC_ENT_AI_EC,2026-09-02T21:54:16Z,7,True
Poland,PL,Medium (50-249),MEDIUM_50_249,2025,True,Cost too high,E_AI_BCST,61.9,40.3,21.6,-0.8786,-19.01,14.8,32.2,-17.5,1.26,22,22,0.74,E_AI_TANY,PC_ENT,PC_ENT_AI_EC,2026-09-02T21:54:16Z,1,True
Poland,PL,Medium (50-249),MEDIUM_50_249,2025,True,Lack of expertise,E_AI_BLE,61.5,67.7,-6.1,0.816,-5.0,14.8,32.2,-17.5,1.26,22,22,0.74,E_AI_TANY,PC_ENT,PC_ENT_AI_EC,2026-09-02T21:54:16Z,2,True
Poland,PL,Medium (50-249),MEDIUM_50_249,2025,True,AI not useful for us,E_AI_BNU,30.6,15.0,15.6,0.1805,2.81,14.8,32.2,-17.5,1.26,22,22,0.74,E_AI_TANY,PC_ENT,PC_ENT_AI_EC,2026-09-02T21:54:16Z,3,True
Poland,PL,Medium (50-249),MEDIUM_50_249,2025,True,Data availability or quality,E_AI_BDDT,34.6,40.7,-6.1,-0.2983,1.82,14.8,32.2,-17.5,1.26,22,22,0.74,E_AI_TANY,PC_ENT,PC_ENT_AI_EC,2026-09-02T21:54:16Z,4,True
Poland,PL,Medium (50-249),MEDIUM_50_249,2025,True,Incompatible with existing systems,E_AI_BINC,45.2,42.9,2.3,0.2037,0.46,14.8,32.2,-17.5,1.26,22,22,0.74,E_AI_TANY,PC_ENT,PC_ENT_AI_EC,2026-09-02T21:54:16Z,5,True
Poland,PL,Medium (50-249),MEDIUM_50_249,2025,True,Legal consequences unclear,E_AI_BLEG,50.8,47.0,3.8,0.0559,0.22,14.8,32.2,-17.5,1.26,22,22,0.74,E_AI_TANY,PC_ENT,PC_ENT_AI_EC,2026-09-02T21:54:16Z,6,True
Poland,PL,Medium (50-249),MEDIUM_50_249,2025,True,Privacy and data protection,E_AI_BCDP,50.2,49.9,0.2,-0.0659,-0.02,14.8,32.2,-17.5,1.26,22,22,0.74,E_AI_TANY,PC_ENT,PC_ENT_AI_EC,2026-09-02T21:54:16Z,7,True
Portugal,PT,Medium (50-249),MEDIUM_50_249,2025,True,Cost too high,E_AI_BCST,55.3,40.3,15.0,-0.8786,-13.21,18.2,32.2,-14.0,3.55,22,22,0.74,E_AI_TANY,PC_ENT,PC_ENT_AI_EC,2026-09-02T21:54:16Z,1,True
Portugal,PT,Medium (50-249),MEDIUM_50_249,2025,True,Lack of expertise,E_AI_BLE,63.6,67.7,-4.1,0.816,-3.35,18.2,32.2,-14.0,3.55,22,22,0.74,E_AI_TANY,PC_ENT,PC_ENT_AI_EC,2026-09-02T21:54:16Z,2,True
Portugal,PT,Medium (50-249),MEDIUM_50_249,2025,True,Data availability or quality,E_AI_BDDT,48.1,40.7,7.4,-0.2983,-2.21,18.2,32.2,-14.0,3.55,22,22,0.74,E_AI_TANY,PC_ENT,PC_ENT_AI_EC,2026-09-02T21:54:16Z,3,True
Portugal,PT,Medium (50-249),MEDIUM_50_249,2025,True,Incompatible with existing systems,E_AI_BINC,49.7,42.9,6.8,0.2037,1.39,18.2,32.2,-14.0,3.55,22,22,0.74,E_AI_TANY,PC_ENT,PC_ENT_AI_EC,2026-09-02T21:54:16Z,4,True
Portugal,PT,Medium (50-249),MEDIUM_50_249,2025,True,Legal consequences unclear,E_AI_BLEG,56.6,47.0,9.6,0.0559,0.54,18.2,32.2,-14.0,3.55,22,22,0.74,E_AI_TANY,PC_ENT,PC_ENT_AI_EC,2026-09-02T21:54:16Z,5,True
Portugal,PT,Medium (50-249),MEDIUM_50_249,2025,True,Privacy and data protection,E_AI_BCDP,57.5,49.9,7.5,-0.0659,-0.5,18.2,32.2,-14.0,3.55,22,22,0.74,E_AI_TANY,PC_ENT,PC_ENT_AI_EC,2026-09-02T21:54:16Z,6,True
Portugal,PT,Medium (50-249),MEDIUM_50_249,2025,True,AI not useful for us,E_AI_BNU,13.8,15.0,-1.2,0.1805,-0.22,18.2,32.2,-14.0,3.55,22,22,0.74,E_AI_TANY,PC_ENT,PC_ENT_AI_EC,2026-09-02T21:54:16Z,7,True
Slovakia,SK,Medium (50-249),MEDIUM_50_249,2025,True,Lack of expertise,E_AI_BLE,58.3,67.7,-9.4,0.816,-7.67,23.0,32.2,-9.2,-7.86,22,22,0.74,E_AI_TANY,PC_ENT,PC_ENT_AI_EC,2026-09-02T21:54:16Z,1,True
Slovakia,SK,Medium (50-249),MEDIUM_50_249,2025,True,Cost too high,E_AI_BCST,32.6,40.3,-7.7,-0.8786,6.78,23.0,32.2,-9.2,-7.86,22,22,0.74,E_AI_TANY,PC_ENT,PC_ENT_AI_EC,2026-09-02T21:54:16Z,2,True
Slovakia,SK,Medium (50-249),MEDIUM_50_249,2025,True,AI not useful for us,E_AI_BNU,8.3,15.0,-6.7,0.1805,-1.21,23.0,32.2,-9.2,-7.86,22,22,0.74,E_AI_TANY,PC_ENT,PC_ENT_AI_EC,2026-09-02T21:54:16Z,3,True
Slovakia,SK,Medium (50-249),MEDIUM_50_249,2025,True,Data availability or quality,E_AI_BDDT,37.6,40.7,-3.1,-0.2983,0.94,23.0,32.2,-9.2,-7.86,22,22,0.74,E_AI_TANY,PC_ENT,PC_ENT_AI_EC,2026-09-02T21:54:16Z,4,True
Slovakia,SK,Medium (50-249),MEDIUM_50_249,2025,True,Legal consequences unclear,E_AI_BLEG,40.4,47.0,-6.6,0.0559,-0.37,23.0,32.2,-9.2,-7.86,22,22,0.74,E_AI_TANY,PC_ENT,PC_ENT_AI_EC,2026-09-02T21:54:16Z,5,True
Slovakia,SK,Medium (50-249),MEDIUM_50_249,2025,True,Privacy and data protection,E_AI_BCDP,47.6,49.9,-2.3,-0.0659,0.15,23.0,32.2,-9.2,-7.86,22,22,0.74,E_AI_TANY,PC_ENT,PC_ENT_AI_EC,2026-09-02T21:54:16Z,6,True
Slovakia,SK,Medium (50-249),MEDIUM_50_249,2025,True,Incompatible with existing systems,E_AI_BINC,43.2,42.9,0.3,0.2037,0.07,23.0,32.2,-9.2,-7.86,22,22,0.74,E_AI_TANY,PC_ENT,PC_ENT_AI_EC,2026-09-02T21:54:16Z,7,True
Slovenia,SI,Medium (50-249),MEDIUM_50_249,2025,True,Cost too high,E_AI_BCST,46.7,40.3,6.4,-0.8786,-5.65,30.6,32.2,-1.6,4.37,22,22,0.74,E_AI_TANY,PC_ENT,PC_ENT_AI_EC,2026-09-02T21:54:16Z,1,True
Slovenia,SI,Medium (50-249),MEDIUM_50_249,2025,True,Data availability or quality,E_AI_BDDT,50.2,40.7,9.5,-0.2983,-2.82,30.6,32.2,-1.6,4.37,22,22,0.74,E_AI_TANY,PC_ENT,PC_ENT_AI_EC,2026-09-02T21:54:16Z,2,True
Slovenia,SI,Medium (50-249),MEDIUM_50_249,2025,True,AI not useful for us,E_AI_BNU,27.5,15.0,12.6,0.1805,2.27,30.6,32.2,-1.6,4.37,22,22,0.74,E_AI_TANY,PC_ENT,PC_ENT_AI_EC,2026-09-02T21:54:16Z,3,True
Slovenia,SI,Medium (50-249),MEDIUM_50_249,2025,True,Lack of expertise,E_AI_BLE,65.4,67.7,-2.3,0.816,-1.88,30.6,32.2,-1.6,4.37,22,22,0.74,E_AI_TANY,PC_ENT,PC_ENT_AI_EC,2026-09-02T21:54:16Z,4,True
Slovenia,SI,Medium (50-249),MEDIUM_50_249,2025,True,Incompatible with existing systems,E_AI_BINC,51.7,42.9,8.8,0.2037,1.78,30.6,32.2,-1.6,4.37,22,22,0.74,E_AI_TANY,PC_ENT,PC_ENT_AI_EC,2026-09-02T21:54:16Z,5,True
Slovenia,SI,Medium (50-249),MEDIUM_50_249,2025,True,Legal consequences unclear,E_AI_BLEG,61.8,47.0,14.8,0.0559,0.83,30.6,32.2,-1.6,4.37,22,22,0.74,E_AI_TANY,PC_ENT,PC_ENT_AI_EC,2026-09-02T21:54:16Z,6,True
Slovenia,SI,Medium (50-249),MEDIUM_50_249,2025,True,Privacy and data protection,E_AI_BCDP,57.6,49.9,7.6,-0.0659,-0.5,30.6,32.2,-1.6,4.37,22,22,0.74,E_AI_TANY,PC_ENT,PC_ENT_AI_EC,2026-09-02T21:54:16Z,7,True
Spain,ES,Medium (50-249),MEDIUM_50_249,2025,True,Cost too high,E_AI_BCST,48.4,40.3,8.2,-0.8786,-7.17,30.1,32.2,-2.1,2.23,22,22,0.74,E_AI_TANY,PC_ENT,PC_ENT_AI_EC,2026-09-02T21:54:16Z,1,True
Spain,ES,Medium (50-249),MEDIUM_50_249,2025,True,Lack of expertise,E_AI_BLE,76.2,67.7,8.5,0.816,6.96,30.1,32.2,-2.1,2.23,22,22,0.74,E_AI_TANY,PC_ENT,PC_ENT_AI_EC,2026-09-02T21:54:16Z,2,True
Spain,ES,Medium (50-249),MEDIUM_50_249,2025,True,Data availability or quality,E_AI_BDDT,47.4,40.7,6.7,-0.2983,-2.0,30.1,32.2,-2.1,2.23,22,22,0.74,E_AI_TANY,PC_ENT,PC_ENT_AI_EC,2026-09-02T21:54:16Z,3,True
Spain,ES,Medium (50-249),MEDIUM_50_249,2025,True,Incompatible with existing systems,E_AI_BINC,33.9,42.9,-9.0,0.2037,-1.83,30.1,32.2,-2.1,2.23,22,22,0.74,E_AI_TANY,PC_ENT,PC_ENT_AI_EC,2026-09-02T21:54:16Z,4,True
Spain,ES,Medium (50-249),MEDIUM_50_249,2025,True,AI not useful for us,E_AI_BNU,12.4,15.0,-2.6,0.1805,-0.46,30.1,32.2,-2.1,2.23,22,22,0.74,E_AI_TANY,PC_ENT,PC_ENT_AI_EC,2026-09-02T21:54:16Z,5,True
Spain,ES,Medium (50-249),MEDIUM_50_249,2025,True,Legal consequences unclear,E_AI_BLEG,48.6,47.0,1.6,0.0559,0.09,30.1,32.2,-2.1,2.23,22,22,0.74,E_AI_TANY,PC_ENT,PC_ENT_AI_EC,2026-09-02T21:54:16Z,6,True
Spain,ES,Medium (50-249),MEDIUM_50_249,2025,True,Privacy and data protection,E_AI_BCDP,49.1,49.9,-0.8,-0.0659,0.05,30.1,32.2,-2.1,2.23,22,22,0.74,E_AI_TANY,PC_ENT,PC_ENT_AI_EC,2026-09-02T21:54:16Z,7,True
Sweden,SE,Medium (50-249),MEDIUM_50_249,2025,True,Lack of expertise,E_AI_BLE,82.4,67.7,14.7,0.816,12.04,49.6,32.2,17.4,4.73,22,22,0.74,E_AI_TANY,PC_ENT,PC_ENT_AI_EC,2026-09-02T21:54:16Z,1,True
Sweden,SE,Medium (50-249),MEDIUM_50_249,2025,True,Cost too high,E_AI_BCST,36.4,40.3,-3.9,-0.8786,3.43,49.6,32.2,17.4,4.73,22,22,0.74,E_AI_TANY,PC_ENT,PC_ENT_AI_EC,2026-09-02T21:54:16Z,2,True
Sweden,SE,Medium (50-249),MEDIUM_50_249,2025,True,Incompatible with existing systems,E_AI_BINC,30.7,42.9,-12.2,0.2037,-2.49,49.6,32.2,17.4,4.73,22,22,0.74,E_AI_TANY,PC_ENT,PC_ENT_AI_EC,2026-09-02T21:54:16Z,3,True
Sweden,SE,Medium (50-249),MEDIUM_50_249,2025,True,Legal consequences unclear,E_AI_BLEG,34.4,47.0,-12.6,0.0559,-0.7,49.6,32.2,17.4,4.73,22,22,0.74,E_AI_TANY,PC_ENT,PC_ENT_AI_EC,2026-09-02T21:54:16Z,4,True
Sweden,SE,Medium (50-249),MEDIUM_50_249,2025,True,Data availability or quality,E_AI_BDDT,39.4,40.7,-1.3,-0.2983,0.38,49.6,32.2,17.4,4.73,22,22,0.74,E_AI_TANY,PC_ENT,PC_ENT_AI_EC,2026-09-02T21:54:16Z,5,True
Sweden,SE,Medium (50-249),MEDIUM_50_249,2025,True,Privacy and data protection,E_AI_BCDP,45.2,49.9,-4.7,-0.0659,0.31,49.6,32.2,17.4,4.73,22,22,0.74,E_AI_TANY,PC_ENT,PC_ENT_AI_EC,2026-09-02T21:54:16Z,6,True
Sweden,SE,Medium (50-249),MEDIUM_50_249,2025,True,AI not useful for us,E_AI_BNU,13.2,15.0,-1.7,0.1805,-0.31,49.6,32.2,17.4,4.73,22,22,0.74,E_AI_TANY,PC_ENT,PC_ENT_AI_EC,2026-09-02T21:54:16Z,7,True
All countries (unweighted mean),ALL_MEAN,Small (10-49),SMALL_10_49,2025,False,Cost too high,E_AI_BCST,40.1,40.1,0.0,-0.5971,-0.0,18.9,18.9,0.0,0.0,22,22,0.791,E_AI_TANY,PC_ENT,PC_ENT_AI_EC,2026-09-02T21:54:16Z,1,True
All countries (unweighted mean),ALL_MEAN,Small (10-49),SMALL_10_49,2025,False,Lack of expertise,E_AI_BLE,70.1,70.1,0.0,0.0654,0.0,18.9,18.9,0.0,0.0,22,22,0.791,E_AI_TANY,PC_ENT,PC_ENT_AI_EC,2026-09-02T21:54:16Z,2,True
All countries (unweighted mean),ALL_MEAN,Small (10-49),SMALL_10_49,2025,False,Data availability or quality,E_AI_BDDT,42.5,42.5,0.0,0.3963,0.0,18.9,18.9,0.0,0.0,22,22,0.791,E_AI_TANY,PC_ENT,PC_ENT_AI_EC,2026-09-02T21:54:16Z,3,True
All countries (unweighted mean),ALL_MEAN,Small (10-49),SMALL_10_49,2025,False,Legal consequences unclear,E_AI_BLEG,49.6,49.6,0.0,0.3128,0.0,18.9,18.9,0.0,0.0,22,22,0.791,E_AI_TANY,PC_ENT,PC_ENT_AI_EC,2026-09-02T21:54:16Z,4,True
All countries (unweighted mean),ALL_MEAN,Small (10-49),SMALL_10_49,2025,False,Privacy and data protection,E_AI_BCDP,47.6,47.6,0.0,-0.3463,-0.0,18.9,18.9,0.0,0.0,22,22,0.791,E_AI_TANY,PC_ENT,PC_ENT_AI_EC,2026-09-02T21:54:16Z,5,True
All countries (unweighted mean),ALL_MEAN,Small (10-49),SMALL_10_49,2025,False,Incompatible with existing systems,E_AI_BINC,42.2,42.2,0.0,-0.24,-0.0,18.9,18.9,0.0,0.0,22,22,0.791,E_AI_TANY,PC_ENT,PC_ENT_AI_EC,2026-09-02T21:54:16Z,6,True
All countries (unweighted mean),ALL_MEAN,Small (10-49),SMALL_10_49,2025,False,AI not useful for us,E_AI_BNU,20.1,20.1,0.0,-0.1832,-0.0,18.9,18.9,0.0,0.0,22,22,0.791,E_AI_TANY,PC_ENT,PC_ENT_AI_EC,2026-09-02T21:54:16Z,7,True
Austria,AT,Small (10-49),SMALL_10_49,2025,True,Cost too high,E_AI_BCST,27.4,40.1,-12.7,-0.5971,7.61,26.2,18.9,7.3,0.17,22,22,0.791,E_AI_TANY,PC_ENT,PC_ENT_AI_EC,2026-09-02T21:54:16Z,1,True
Austria,AT,Small (10-49),SMALL_10_49,2025,True,Incompatible with existing systems,E_AI_BINC,37.1,42.2,-5.1,-0.24,1.23,26.2,18.9,7.3,0.17,22,22,0.791,E_AI_TANY,PC_ENT,PC_ENT_AI_EC,2026-09-02T21:54:16Z,2,True
Austria,AT,Small (10-49),SMALL_10_49,2025,True,Privacy and data protection,E_AI_BCDP,50.0,47.6,2.4,-0.3463,-0.84,26.2,18.9,7.3,0.17,22,22,0.791,E_AI_TANY,PC_ENT,PC_ENT_AI_EC,2026-09-02T21:54:16Z,3,True
Austria,AT,Small (10-49),SMALL_10_49,2025,True,Data availability or quality,E_AI_BDDT,41.0,42.5,-1.5,0.3963,-0.59,26.2,18.9,7.3,0.17,22,22,0.791,E_AI_TANY,PC_ENT,PC_ENT_AI_EC,2026-09-02T21:54:16Z,4,True
Austria,AT,Small (10-49),SMALL_10_49,2025,True,AI not useful for us,E_AI_BNU,23.3,20.1,3.2,-0.1832,-0.59,26.2,18.9,7.3,0.17,22,22,0.791,E_AI_TANY,PC_ENT,PC_ENT_AI_EC,2026-09-02T21:54:16Z,5,True
Austria,AT,Small (10-49),SMALL_10_49,2025,True,Legal consequences unclear,E_AI_BLEG,50.8,49.6,1.1,0.3128,0.35,26.2,18.9,7.3,0.17,22,22,0.791,E_AI_TANY,PC_ENT,PC_ENT_AI_EC,2026-09-02T21:54:16Z,6,True
Austria,AT,Small (10-49),SMALL_10_49,2025,True,Lack of expertise,E_AI_BLE,68.8,70.1,-1.3,0.0654,-0.09,26.2,18.9,7.3,0.17,22,22,0.791,E_AI_TANY,PC_ENT,PC_ENT_AI_EC,2026-09-02T21:54:16Z,7,True
Belgium,BE,Small (10-49),SMALL_10_49,2025,True,Cost too high,E_AI_BCST,35.4,40.1,-4.7,-0.5971,2.8,28.8,18.9,9.9,0.73,22,22,0.791,E_AI_TANY,PC_ENT,PC_ENT_AI_EC,2026-09-02T21:54:16Z,1,True
Belgium,BE,Small (10-49),SMALL_10_49,2025,True,Legal consequences unclear,E_AI_BLEG,58.2,49.6,8.6,0.3128,2.69,28.8,18.9,9.9,0.73,22,22,0.791,E_AI_TANY,PC_ENT,PC_ENT_AI_EC,2026-09-02T21:54:16Z,2,True
Belgium,BE,Small (10-49),SMALL_10_49,2025,True,Data availability or quality,E_AI_BDDT,46.7,42.5,4.2,0.3963,1.65,28.8,18.9,9.9,0.73,22,22,0.791,E_AI_TANY,PC_ENT,PC_ENT_AI_EC,2026-09-02T21:54:16Z,3,True
Belgium,BE,Small (10-49),SMALL_10_49,2025,True,Incompatible with existing systems,E_AI_BINC,38.2,42.2,-4.1,-0.24,0.98,28.8,18.9,9.9,0.73,22,22,0.791,E_AI_TANY,PC_ENT,PC_ENT_AI_EC,2026-09-02T21:54:16Z,4,True
Belgium,BE,Small (10-49),SMALL_10_49,2025,True,AI not useful for us,E_AI_BNU,15.4,20.1,-4.7,-0.1832,0.86,28.8,18.9,9.9,0.73,22,22,0.791,E_AI_TANY,PC_ENT,PC_ENT_AI_EC,2026-09-02T21:54:16Z,5,True
Belgium,BE,Small (10-49),SMALL_10_49,2025,True,Lack of expertise,E_AI_BLE,74.9,70.1,4.8,0.0654,0.31,28.8,18.9,9.9,0.73,22,22,0.791,E_AI_TANY,PC_ENT,PC_ENT_AI_EC,2026-09-02T21:54:16Z,6,True
Belgium,BE,Small (10-49),SMALL_10_49,2025,True,Privacy and data protection,E_AI_BCDP,47.9,47.6,0.3,-0.3463,-0.11,28.8,18.9,9.9,0.73,22,22,0.791,E_AI_TANY,PC_ENT,PC_ENT_AI_EC,2026-09-02T21:54:16Z,7,True
Bulgaria,BG,Small (10-49),SMALL_10_49,2025,True,Cost too high,E_AI_BCST,57.0,40.1,16.9,-0.5971,-10.07,7.2,18.9,-11.7,0.46,22,22,0.791,E_AI_TANY,PC_ENT,PC_ENT_AI_EC,2026-09-02T21:54:16Z,1,True
Bulgaria,BG,Small (10-49),SMALL_10_49,2025,True,Incompatible with existing systems,E_AI_BINC,53.3,42.2,11.1,-0.24,-2.65,7.2,18.9,-11.7,0.46,22,22,0.791,E_AI_TANY,PC_ENT,PC_ENT_AI_EC,2026-09-02T21:54:16Z,2,True
Bulgaria,BG,Small (10-49),SMALL_10_49,2025,True,Legal consequences unclear,E_AI_BLEG,51.8,49.6,2.2,0.3128,0.69,7.2,18.9,-11.7,0.46,22,22,0.791,E_AI_TANY,PC_ENT,PC_ENT_AI_EC,2026-09-02T21:54:16Z,3,True
Bulgaria,BG,Small (10-49),SMALL_10_49,2025,True,Data availability or quality,E_AI_BDDT,40.8,42.5,-1.7,0.3963,-0.66,7.2,18.9,-11.7,0.46,22,22,0.791,E_AI_TANY,PC_ENT,PC_ENT_AI_EC,2026-09-02T21:54:16Z,4,True
Bulgaria,BG,Small (10-49),SMALL_10_49,2025,True,Lack of expertise,E_AI_BLE,75.9,70.1,5.8,0.0654,0.38,7.2,18.9,-11.7,0.46,22,22,0.791,E_AI_TANY,PC_ENT,PC_ENT_AI_EC,2026-09-02T21:54:16Z,5,True
Bulgaria,BG,Small (10-49),SMALL_10_49,2025,True,AI not useful for us,E_AI_BNU,18.3,20.1,-1.8,-0.1832,0.33,7.2,18.9,-11.7,0.46,22,22,0.791,E_AI_TANY,PC_ENT,PC_ENT_AI_EC,2026-09-02T21:54:16Z,6,True
Bulgaria,BG,Small (10-49),SMALL_10_49,2025,True,Privacy and data protection,E_AI_BCDP,48.2,47.6,0.6,-0.3463,-0.22,7.2,18.9,-11.7,0.46,22,22,0.791,E_AI_TANY,PC_ENT,PC_ENT_AI_EC,2026-09-02T21:54:16Z,7,True
Croatia,HR,Small (10-49),SMALL_10_49,2025,True,Cost too high,E_AI_BCST,67.7,40.1,27.5,-0.5971,-16.45,12.8,18.9,-6.1,2.21,22,22,0.791,E_AI_TANY,PC_ENT,PC_ENT_AI_EC,2026-09-02T21:54:16Z,1,True
Croatia,HR,Small (10-49),SMALL_10_49,2025,True,Data availability or quality,E_AI_BDDT,60.7,42.5,18.2,0.3963,7.22,12.8,18.9,-6.1,2.21,22,22,0.791,E_AI_TANY,PC_ENT,PC_ENT_AI_EC,2026-09-02T21:54:16Z,2,True
Croatia,HR,Small (10-49),SMALL_10_49,2025,True,Privacy and data protection,E_AI_BCDP,34.7,47.6,-12.9,-0.3463,4.46,12.8,18.9,-6.1,2.21,22,22,0.791,E_AI_TANY,PC_ENT,PC_ENT_AI_EC,2026-09-02T21:54:16Z,3,True
Croatia,HR,Small (10-49),SMALL_10_49,2025,True,Incompatible with existing systems,E_AI_BINC,60.4,42.2,18.2,-0.24,-4.36,12.8,18.9,-6.1,2.21,22,22,0.791,E_AI_TANY,PC_ENT,PC_ENT_AI_EC,2026-09-02T21:54:16Z,4,True
Croatia,HR,Small (10-49),SMALL_10_49,2025,True,Legal consequences unclear,E_AI_BLEG,52.5,49.6,2.9,0.3128,0.89,12.8,18.9,-6.1,2.21,22,22,0.791,E_AI_TANY,PC_ENT,PC_ENT_AI_EC,2026-09-02T21:54:16Z,5,True
Croatia,HR,Small (10-49),SMALL_10_49,2025,True,Lack of expertise,E_AI_BLE,63.3,70.1,-6.8,0.0654,-0.44,12.8,18.9,-6.1,2.21,22,22,0.791,E_AI_TANY,PC_ENT,PC_ENT_AI_EC,2026-09-02T21:54:16Z,6,True
Croatia,HR,Small (10-49),SMALL_10_49,2025,True,AI not useful for us,E_AI_BNU,18.4,20.1,-1.7,-0.1832,0.32,12.8,18.9,-6.1,2.21,22,22,0.791,E_AI_TANY,PC_ENT,PC_ENT_AI_EC,2026-09-02T21:54:16Z,7,True
Cyprus,CY,Small (10-49),SMALL_10_49,2025,True,Data availability or quality,E_AI_BDDT,48.7,42.5,6.2,0.3963,2.46,7.7,18.9,-11.2,-12.92,22,22,0.791,E_AI_TANY,PC_ENT,PC_ENT_AI_EC,2026-09-02T21:54:16Z,1,True
Cyprus,CY,Small (10-49),SMALL_10_49,2025,True,Incompatible with existing systems,E_AI_BINC,50.5,42.2,8.3,-0.24,-1.99,7.7,18.9,-11.2,-12.92,22,22,0.791,E_AI_TANY,PC_ENT,PC_ENT_AI_EC,2026-09-02T21:54:16Z,2,True
Cyprus,CY,Small (10-49),SMALL_10_49,2025,True,AI not useful for us,E_AI_BNU,16.1,20.1,-4.0,-0.1832,0.73,7.7,18.9,-11.2,-12.92,22,22,0.791,E_AI_TANY,PC_ENT,PC_ENT_AI_EC,2026-09-02T21:54:16Z,3,True
Cyprus,CY,Small (10-49),SMALL_10_49,2025,True,Legal consequences unclear,E_AI_BLEG,51.9,49.6,2.2,0.3128,0.69,7.7,18.9,-11.2,-12.92,22,22,0.791,E_AI_TANY,PC_ENT,PC_ENT_AI_EC,2026-09-02T21:54:16Z,4,True
Cyprus,CY,Small (10-49),SMALL_10_49,2025,True,Cost too high,E_AI_BCST,41.2,40.1,1.1,-0.5971,-0.65,7.7,18.9,-11.2,-12.92,22,22,0.791,E_AI_TANY,PC_ENT,PC_ENT_AI_EC,2026-09-02T21:54:16Z,5,True
Cyprus,CY,Small (10-49),SMALL_10_49,2025,True,Privacy and data protection,E_AI_BCDP,46.4,47.6,-1.2,-0.3463,0.43,7.7,18.9,-11.2,-12.92,22,22,0.791,E_AI_TANY,PC_ENT,PC_ENT_AI_EC,2026-09-02T21:54:16Z,6,True
Cyprus,CY,Small (10-49),SMALL_10_49,2025,True,Lack of expertise,E_AI_BLE,71.0,70.1,0.9,0.0654,0.06,7.7,18.9,-11.2,-12.92,22,22,0.791,E_AI_TANY,PC_ENT,PC_ENT_AI_EC,2026-09-02T21:54:16Z,7,True
Denmark,DK,Small (10-49),SMALL_10_49,2025,True,Cost too high,E_AI_BCST,17.8,40.1,-22.4,-0.5971,13.36,37.4,18.9,18.5,1.58,22,22,0.791,E_AI_TANY,PC_ENT,PC_ENT_AI_EC,2026-09-02T21:54:16Z,1,True
Denmark,DK,Small (10-49),SMALL_10_49,2025,True,Incompatible with existing systems,E_AI_BINC,29.6,42.2,-12.7,-0.24,3.05,37.4,18.9,18.5,1.58,22,22,0.791,E_AI_TANY,PC_ENT,PC_ENT_AI_EC,2026-09-02T21:54:16Z,2,True
Denmark,DK,Small (10-49),SMALL_10_49,2025,True,Data availability or quality,E_AI_BDDT,38.4,42.5,-4.1,0.3963,-1.64,37.4,18.9,18.5,1.58,22,22,0.791,E_AI_TANY,PC_ENT,PC_ENT_AI_EC,2026-09-02T21:54:16Z,3,True
Denmark,DK,Small (10-49),SMALL_10_49,2025,True,Privacy and data protection,E_AI_BCDP,44.4,47.6,-3.2,-0.3463,1.1,37.4,18.9,18.5,1.58,22,22,0.791,E_AI_TANY,PC_ENT,PC_ENT_AI_EC,2026-09-02T21:54:16Z,4,True
Denmark,DK,Small (10-49),SMALL_10_49,2025,True,Lack of expertise,E_AI_BLE,82.4,70.1,12.4,0.0654,0.81,37.4,18.9,18.5,1.58,22,22,0.791,E_AI_TANY,PC_ENT,PC_ENT_AI_EC,2026-09-02T21:54:16Z,5,True
Denmark,DK,Small (10-49),SMALL_10_49,2025,True,AI not useful for us,E_AI_BNU,17.0,20.1,-3.2,-0.1832,0.58,37.4,18.9,18.5,1.58,22,22,0.791,E_AI_TANY,PC_ENT,PC_ENT_AI_EC,2026-09-02T21:54:16Z,6,True
Denmark,DK,Small (10-49),SMALL_10_49,2025,True,Legal consequences unclear,E_AI_BLEG,48.7,49.6,-0.9,0.3128,-0.3,37.4,18.9,18.5,1.58,22,22,0.791,E_AI_TANY,PC_ENT,PC_ENT_AI_EC,2026-09-02T21:54:16Z,7,True
European Union - 27 countries (from 2020),EU27_2020,Small (10-49),SMALL_10_49,2025,False,Privacy and data protection,E_AI_BCDP,52.5,47.6,4.9,-0.3463,-1.69,17.0,18.9,-1.9,-3.42,22,22,0.791,E_AI_TANY,PC_ENT,PC_ENT_AI_EC,2026-09-02T21:54:16Z,1,True
European Union - 27 countries (from 2020),EU27_2020,Small (10-49),SMALL_10_49,2025,False,Legal consequences unclear,E_AI_BLEG,54.8,49.6,5.2,0.3128,1.61,17.0,18.9,-1.9,-3.42,22,22,0.791,E_AI_TANY,PC_ENT,PC_ENT_AI_EC,2026-09-02T21:54:16Z,2,True
European Union - 27 countries (from 2020),EU27_2020,Small (10-49),SMALL_10_49,2025,False,Cost too high,E_AI_BCST,38.8,40.1,-1.3,-0.5971,0.78,17.0,18.9,-1.9,-3.42,22,22,0.791,E_AI_TANY,PC_ENT,PC_ENT_AI_EC,2026-09-02T21:54:16Z,3,True
European Union - 27 countries (from 2020),EU27_2020,Small (10-49),SMALL_10_49,2025,False,Data availability or quality,E_AI_BDDT,43.7,42.5,1.2,0.3963,0.46,17.0,18.9,-1.9,-3.42,22,22,0.791,E_AI_TANY,PC_ENT,PC_ENT_AI_EC,2026-09-02T21:54:16Z,4,True
European Union - 27 countries (from 2020),EU27_2020,Small (10-49),SMALL_10_49,2025,False,AI not useful for us,E_AI_BNU,19.2,20.1,-0.9,-0.1832,0.16,17.0,18.9,-1.9,-3.42,22,22,0.791,E_AI_TANY,PC_ENT,PC_ENT_AI_EC,2026-09-02T21:54:16Z,5,True
European Union - 27 countries (from 2020),EU27_2020,Small (10-49),SMALL_10_49,2025,False,Incompatible with existing systems,E_AI_BINC,41.7,42.2,-0.5,-0.24,0.13,17.0,18.9,-1.9,-3.42,22,22,0.791,E_AI_TANY,PC_ENT,PC_ENT_AI_EC,2026-09-02T21:54:16Z,6,True
European Union - 27 countries (from 2020),EU27_2020,Small (10-49),SMALL_10_49,2025,False,Lack of expertise,E_AI_BLE,70.9,70.1,0.8,0.0654,0.05,17.0,18.9,-1.9,-3.42,22,22,0.791,E_AI_TANY,PC_ENT,PC_ENT_AI_EC,2026-09-02T21:54:16Z,7,True
Finland,FI,Small (10-49),SMALL_10_49,2025,True,Cost too high,E_AI_BCST,25.8,40.1,-14.4,-0.5971,8.58,33.5,18.9,14.6,7.99,22,22,0.791,E_AI_TANY,PC_ENT,PC_ENT_AI_EC,2026-09-02T21:54:16Z,1,True
Finland,FI,Small (10-49),SMALL_10_49,2025,True,Legal consequences unclear,E_AI_BLEG,42.7,49.6,-7.0,0.3128,-2.18,33.5,18.9,14.6,7.99,22,22,0.791,E_AI_TANY,PC_ENT,PC_ENT_AI_EC,2026-09-02T21:54:16Z,2,True
Finland,FI,Small (10-49),SMALL_10_49,2025,True,Privacy and data protection,E_AI_BCDP,44.5,47.6,-3.1,-0.3463,1.07,33.5,18.9,14.6,7.99,22,22,0.791,E_AI_TANY,PC_ENT,PC_ENT_AI_EC,2026-09-02T21:54:16Z,3,True
Finland,FI,Small (10-49),SMALL_10_49,2025,True,Incompatible with existing systems,E_AI_BINC,45.4,42.2,3.2,-0.24,-0.77,33.5,18.9,14.6,7.99,22,22,0.791,E_AI_TANY,PC_ENT,PC_ENT_AI_EC,2026-09-02T21:54:16Z,4,True
Finland,FI,Small (10-49),SMALL_10_49,2025,True,Lack of expertise,E_AI_BLE,66.6,70.1,-3.4,0.0654,-0.22,33.5,18.9,14.6,7.99,22,22,0.791,E_AI_TANY,PC_ENT,PC_ENT_AI_EC,2026-09-02T21:54:16Z,5,True
Finland,FI,Small (10-49),SMALL_10_49,2025,True,AI not useful for us,E_AI_BNU,19.5,20.1,-0.6,-0.1832,0.11,33.5,18.9,14.6,7.99,22,22,0.791,E_AI_TANY,PC_ENT,PC_ENT_AI_EC,2026-09-02T21:54:16Z,6,True
Finland,FI,Small (10-49),SMALL_10_49,2025,True,Data availability or quality,E_AI_BDDT,42.5,42.5,0.0,0.3963,0.01,33.5,18.9,14.6,7.99,22,22,0.791,E_AI_TANY,PC_ENT,PC_ENT_AI_EC,2026-09-02T21:54:16Z,7,True
Germany,DE,Small (10-49),SMALL_10_49,2025,True,Legal consequences unclear,E_AI_BLEG,64.2,49.6,14.6,0.3128,4.57,23.1,18.9,4.1,-0.29,22,22,0.791,E_AI_TANY,PC_ENT,PC_ENT_AI_EC,2026-09-02T21:54:16Z,1,True
Germany,DE,Small (10-49),SMALL_10_49,2025,True,Cost too high,E_AI_BCST,32.8,40.1,-7.3,-0.5971,4.38,23.1,18.9,4.1,-0.29,22,22,0.791,E_AI_TANY,PC_ENT,PC_ENT_AI_EC,2026-09-02T21:54:16Z,2,True
Germany,DE,Small (10-49),SMALL_10_49,2025,True,Privacy and data protection,E_AI_BCDP,60.0,47.6,12.4,-0.3463,-4.28,23.1,18.9,4.1,-0.29,22,22,0.791,E_AI_TANY,PC_ENT,PC_ENT_AI_EC,2026-09-02T21:54:16Z,3,True
Germany,DE,Small (10-49),SMALL_10_49,2025,True,Incompatible with existing systems,E_AI_BINC,45.7,42.2,3.4,-0.24,-0.82,23.1,18.9,4.1,-0.29,22,22,0.791,E_AI_TANY,PC_ENT,PC_ENT_AI_EC,2026-09-02T21:54:16Z,4,True
Germany,DE,Small (10-49),SMALL_10_49,2025,True,Data availability or quality,E_AI_BDDT,43.5,42.5,1.0,0.3963,0.4,23.1,18.9,4.1,-0.29,22,22,0.791,E_AI_TANY,PC_ENT,PC_ENT_AI_EC,2026-09-02T21:54:16Z,5,True
Germany,DE,Small (10-49),SMALL_10_49,2025,True,Lack of expertise,E_AI_BLE,72.5,70.1,2.4,0.0654,0.16,23.1,18.9,4.1,-0.29,22,22,0.791,E_AI_TANY,PC_ENT,PC_ENT_AI_EC,2026-09-02T21:54:16Z,6,True
Germany,DE,Small (10-49),SMALL_10_49,2025,True,AI not useful for us,E_AI_BNU,19.9,20.1,-0.2,-0.1832,0.04,23.1,18.9,4.1,-0.29,22,22,0.791,E_AI_TANY,PC_ENT,PC_ENT_AI_EC,2026-09-02T21:54:16Z,7,True
Greece,EL,Small (10-49),SMALL_10_49,2025,True,Cost too high,E_AI_BCST,54.2,40.1,14.1,-0.5971,-8.42,7.3,18.9,-11.6,1.78,22,22,0.791,E_AI_TANY,PC_ENT,PC_ENT_AI_EC,2026-09-02T21:54:16Z,1,True
Greece,EL,Small (10-49),SMALL_10_49,2025,True,Data availability or quality,E_AI_BDDT,37.8,42.5,-4.8,0.3963,-1.88,7.3,18.9,-11.6,1.78,22,22,0.791,E_AI_TANY,PC_ENT,PC_ENT_AI_EC,2026-09-02T21:54:16Z,2,True
Greece,EL,Small (10-49),SMALL_10_49,2025,True,Legal consequences unclear,E_AI_BLEG,45.0,49.6,-4.7,0.3128,-1.46,7.3,18.9,-11.6,1.78,22,22,0.791,E_AI_TANY,PC_ENT,PC_ENT_AI_EC,2026-09-02T21:54:16Z,3,True
Greece,EL,Small (10-49),SMALL_10_49,2025,True,AI not useful for us,E_AI_BNU,24.9,20.1,4.8,-0.1832,-0.88,7.3,18.9,-11.6,1.78,22,22,0.791,E_AI_TANY,PC_ENT,PC_ENT_AI_EC,2026-09-02T21:54:16Z,4,True
Greece,EL,Small (10-49),SMALL_10_49,2025,True,Lack of expertise,E_AI_BLE,60.1,70.1,-9.9,0.0654,-0.65,7.3,18.9,-11.6,1.78,22,22,0.791,E_AI_TANY,PC_ENT,PC_ENT_AI_EC,2026-09-02T21:54:16Z,5,True
Greece,EL,Small (10-49),SMALL_10_49,2025,True,Privacy and data protection,E_AI_BCDP,48.5,47.6,0.9,-0.3463,-0.32,7.3,18.9,-11.6,1.78,22,22,0.791,E_AI_TANY,PC_ENT,PC_ENT_AI_EC,2026-09-02T21:54:16Z,6,True
Greece,EL,Small (10-49),SMALL_10_49,2025,True,Incompatible with existing systems,E_AI_BINC,41.2,42.2,-1.0,-0.24,0.25,7.3,18.9,-11.6,1.78,22,22,0.791,E_AI_TANY,PC_ENT,PC_ENT_AI_EC,2026-09-02T21:54:16Z,7,True
Hungary,HU,Small (10-49),SMALL_10_49,2025,True,AI not useful for us,E_AI_BNU,33.6,20.1,13.5,-0.1832,-2.47,8.7,18.9,-10.2,-5.73,22,22,0.791,E_AI_TANY,PC_ENT,PC_ENT_AI_EC,2026-09-02T21:54:16Z,1,True
Hungary,HU,Small (10-49),SMALL_10_49,2025,True,Data availability or quality,E_AI_BDDT,37.8,42.5,-4.7,0.3963,-1.88,8.7,18.9,-10.2,-5.73,22,22,0.791,E_AI_TANY,PC_ENT,PC_ENT_AI_EC,2026-09-02T21:54:16Z,2,True
Hungary,HU,Small (10-49),SMALL_10_49,2025,True,Privacy and data protection,E_AI_BCDP,50.7,47.6,3.1,-0.3463,-1.09,8.7,18.9,-10.2,-5.73,22,22,0.791,E_AI_TANY,PC_ENT,PC_ENT_AI_EC,2026-09-02T21:54:16Z,3,True
Hungary,HU,Small (10-49),SMALL_10_49,2025,True,Legal consequences unclear,E_AI_BLEG,53.0,49.6,3.4,0.3128,1.05,8.7,18.9,-10.2,-5.73,22,22,0.791,E_AI_TANY,PC_ENT,PC_ENT_AI_EC,2026-09-02T21:54:16Z,4,True
Hungary,HU,Small (10-49),SMALL_10_49,2025,True,Incompatible with existing systems,E_AI_BINC,39.7,42.2,-2.5,-0.24,0.61,8.7,18.9,-10.2,-5.73,22,22,0.791,E_AI_TANY,PC_ENT,PC_ENT_AI_EC,2026-09-02T21:54:16Z,5,True
Hungary,HU,Small (10-49),SMALL_10_49,2025,True,Cost too high,E_AI_BCST,40.8,40.1,0.6,-0.5971,-0.38,8.7,18.9,-10.2,-5.73,22,22,0.791,E_AI_TANY,PC_ENT,PC_ENT_AI_EC,2026-09-02T21:54:16Z,6,True
Hungary,HU,Small (10-49),SMALL_10_49,2025,True,Lack of expertise,E_AI_BLE,64.8,70.1,-5.2,0.0654,-0.34,8.7,18.9,-10.2,-5.73,22,22,0.791,E_AI_TANY,PC_ENT,PC_ENT_AI_EC,2026-09-02T21:54:16Z,7,True
Italy,IT,Small (10-49),SMALL_10_49,2025,True,Cost too high,E_AI_BCST,44.8,40.1,4.7,-0.5971,-2.8,14.2,18.9,-4.7,-5.45,22,22,0.791,E_AI_TANY,PC_ENT,PC_ENT_AI_EC,2026-09-02T21:54:16Z,1,True
Italy,IT,Small (10-49),SMALL_10_49,2025,True,Data availability or quality,E_AI_BDDT,46.5,42.5,4.0,0.3963,1.58,14.2,18.9,-4.7,-5.45,22,22,0.791,E_AI_TANY,PC_ENT,PC_ENT_AI_EC,2026-09-02T21:54:16Z,2,True
Italy,IT,Small (10-49),SMALL_10_49,2025,True,Privacy and data protection,E_AI_BCDP,43.4,47.6,-4.2,-0.3463,1.46,14.2,18.9,-4.7,-5.45,22,22,0.791,E_AI_TANY,PC_ENT,PC_ENT_AI_EC,2026-09-02T21:54:16Z,3,True
Italy,IT,Small (10-49),SMALL_10_49,2025,True,AI not useful for us,E_AI_BNU,15.7,20.1,-4.4,-0.1832,0.81,14.2,18.9,-4.7,-5.45,22,22,0.791,E_AI_TANY,PC_ENT,PC_ENT_AI_EC,2026-09-02T21:54:16Z,4,True
Italy,IT,Small (10-49),SMALL_10_49,2025,True,Lack of expertise,E_AI_BLE,59.0,70.1,-11.0,0.0654,-0.72,14.2,18.9,-4.7,-5.45,22,22,0.791,E_AI_TANY,PC_ENT,PC_ENT_AI_EC,2026-09-02T21:54:16Z,5,True
Italy,IT,Small (10-49),SMALL_10_49,2025,True,Incompatible with existing systems,E_AI_BINC,39.2,42.2,-3.0,-0.24,0.72,14.2,18.9,-4.7,-5.45,22,22,0.791,E_AI_TANY,PC_ENT,PC_ENT_AI_EC,2026-09-02T21:54:16Z,6,True
Italy,IT,Small (10-49),SMALL_10_49,2025,True,Legal consequences unclear,E_AI_BLEG,48.7,49.6,-1.0,0.3128,-0.3,14.2,18.9,-4.7,-5.45,22,22,0.791,E_AI_TANY,PC_ENT,PC_ENT_AI_EC,2026-09-02T21:54:16Z,7,True
Latvia,LV,Small (10-49),SMALL_10_49,2025,True,Privacy and data protection,E_AI_BCDP,56.3,47.6,8.7,-0.3463,-3.0,9.8,18.9,-9.1,-3.6,22,22,0.791,E_AI_TANY,PC_ENT,PC_ENT_AI_EC,2026-09-02T21:54:16Z,1,True
Latvia,LV,Small (10-49),SMALL_10_49,2025,True,Incompatible with existing systems,E_AI_BINC,49.9,42.2,7.7,-0.24,-1.84,9.8,18.9,-9.1,-3.6,22,22,0.791,E_AI_TANY,PC_ENT,PC_ENT_AI_EC,2026-09-02T21:54:16Z,2,True
Latvia,LV,Small (10-49),SMALL_10_49,2025,True,Data availability or quality,E_AI_BDDT,45.9,42.5,3.4,0.3963,1.33,9.8,18.9,-9.1,-3.6,22,22,0.791,E_AI_TANY,PC_ENT,PC_ENT_AI_EC,2026-09-02T21:54:16Z,3,True
Latvia,LV,Small (10-49),SMALL_10_49,2025,True,AI not useful for us,E_AI_BNU,25.9,20.1,5.8,-0.1832,-1.06,9.8,18.9,-9.1,-3.6,22,22,0.791,E_AI_TANY,PC_ENT,PC_ENT_AI_EC,2026-09-02T21:54:16Z,4,True
Latvia,LV,Small (10-49),SMALL_10_49,2025,True,Cost too high,E_AI_BCST,41.3,40.1,1.2,-0.5971,-0.7,9.8,18.9,-9.1,-3.6,22,22,0.791,E_AI_TANY,PC_ENT,PC_ENT_AI_EC,2026-09-02T21:54:16Z,5,True
Latvia,LV,Small (10-49),SMALL_10_49,2025,True,Lack of expertise,E_AI_BLE,64.2,70.1,-5.9,0.0654,-0.39,9.8,18.9,-9.1,-3.6,22,22,0.791,E_AI_TANY,PC_ENT,PC_ENT_AI_EC,2026-09-02T21:54:16Z,6,True
Latvia,LV,Small (10-49),SMALL_10_49,2025,True,Legal consequences unclear,E_AI_BLEG,50.0,49.6,0.3,0.3128,0.1,9.8,18.9,-9.1,-3.6,22,22,0.791,E_AI_TANY,PC_ENT,PC_ENT_AI_EC,2026-09-02T21:54:16Z,7,True
Luxembourg,LU,Small (10-49),SMALL_10_49,2025,True,Data availability or quality,E_AI_BDDT,49.9,42.5,7.4,0.3963,2.93,30.5,18.9,11.6,6.13,22,22,0.791,E_AI_TANY,PC_ENT,PC_ENT_AI_EC,2026-09-02T21:54:16Z,1,True
Luxembourg,LU,Small (10-49),SMALL_10_49,2025,True,Legal consequences unclear,E_AI_BLEG,56.8,49.6,7.1,0.3128,2.22,30.5,18.9,11.6,6.13,22,22,0.791,E_AI_TANY,PC_ENT,PC_ENT_AI_EC,2026-09-02T21:54:16Z,2,True
Luxembourg,LU,Small (10-49),SMALL_10_49,2025,True,Privacy and data protection,E_AI_BCDP,53.2,47.6,5.6,-0.3463,-1.93,30.5,18.9,11.6,6.13,22,22,0.791,E_AI_TANY,PC_ENT,PC_ENT_AI_EC,2026-09-02T21:54:16Z,3,True
Luxembourg,LU,Small (10-49),SMALL_10_49,2025,True,Incompatible with existing systems,E_AI_BINC,37.9,42.2,-4.4,-0.24,1.05,30.5,18.9,11.6,6.13,22,22,0.791,E_AI_TANY,PC_ENT,PC_ENT_AI_EC,2026-09-02T21:54:16Z,4,True
Luxembourg,LU,Small (10-49),SMALL_10_49,2025,True,Lack of expertise,E_AI_BLE,81.3,70.1,11.2,0.0654,0.73,30.5,18.9,11.6,6.13,22,22,0.791,E_AI_TANY,PC_ENT,PC_ENT_AI_EC,2026-09-02T21:54:16Z,5,True
Luxembourg,LU,Small (10-49),SMALL_10_49,2025,True,Cost too high,E_AI_BCST,39.5,40.1,-0.7,-0.5971,0.39,30.5,18.9,11.6,6.13,22,22,0.791,E_AI_TANY,PC_ENT,PC_ENT_AI_EC,2026-09-02T21:54:16Z,6,True
Luxembourg,LU,Small (10-49),SMALL_10_49,2025,True,AI not useful for us,E_AI_BNU,20.0,20.1,-0.1,-0.1832,0.03,30.5,18.9,11.6,6.13,22,22,0.791,E_AI_TANY,PC_ENT,PC_ENT_AI_EC,2026-09-02T21:54:16Z,7,True
Malta,MT,Small (10-49),SMALL_10_49,2025,True,Privacy and data protection,E_AI_BCDP,27.2,47.6,-20.4,-0.3463,7.05,18.0,18.9,-0.9,1.6,22,22,0.791,E_AI_TANY,PC_ENT,PC_ENT_AI_EC,2026-09-02T21:54:16Z,1,True
Malta,MT,Small (10-49),SMALL_10_49,2025,True,Data availability or quality,E_AI_BDDT,26.8,42.5,-15.7,0.3963,-6.21,18.0,18.9,-0.9,1.6,22,22,0.791,E_AI_TANY,PC_ENT,PC_ENT_AI_EC,2026-09-02T21:54:16Z,2,True
Malta,MT,Small (10-49),SMALL_10_49,2025,True,Legal consequences unclear,E_AI_BLEG,32.1,49.6,-17.5,0.3128,-5.48,18.0,18.9,-0.9,1.6,22,22,0.791,E_AI_TANY,PC_ENT,PC_ENT_AI_EC,2026-09-02T21:54:16Z,3,True
Malta,MT,Small (10-49),SMALL_10_49,2025,True,Cost too high,E_AI_BCST,37.5,40.1,-2.7,-0.5971,1.59,18.0,18.9,-0.9,1.6,22,22,0.791,E_AI_TANY,PC_ENT,PC_ENT_AI_EC,2026-09-02T21:54:16Z,4,True
Malta,MT,Small (10-49),SMALL_10_49,2025,True,Incompatible with existing systems,E_AI_BINC,35.8,42.2,-6.4,-0.24,1.54,18.0,18.9,-0.9,1.6,22,22,0.791,E_AI_TANY,PC_ENT,PC_ENT_AI_EC,2026-09-02T21:54:16Z,5,True
Malta,MT,Small (10-49),SMALL_10_49,2025,True,Lack of expertise,E_AI_BLE,54.7,70.1,-15.3,0.0654,-1.0,18.0,18.9,-0.9,1.6,22,22,0.791,E_AI_TANY,PC_ENT,PC_ENT_AI_EC,2026-09-02T21:54:16Z,6,True
Malta,MT,Small (10-49),SMALL_10_49,2025,True,AI not useful for us,E_AI_BNU,19.9,20.1,-0.2,-0.1832,0.04,18.0,18.9,-0.9,1.6,22,22,0.791,E_AI_TANY,PC_ENT,PC_ENT_AI_EC,2026-09-02T21:54:16Z,7,True
Netherlands,NL,Small (10-49),SMALL_10_49,2025,True,Cost too high,E_AI_BCST,22.0,40.1,-18.2,-0.5971,10.84,28.8,18.9,9.8,1.74,22,22,0.791,E_AI_TANY,PC_ENT,PC_ENT_AI_EC,2026-09-02T21:54:16Z,1,True
Netherlands,NL,Small (10-49),SMALL_10_49,2025,True,Legal consequences unclear,E_AI_BLEG,36.0,49.6,-13.7,0.3128,-4.27,28.8,18.9,9.8,1.74,22,22,0.791,E_AI_TANY,PC_ENT,PC_ENT_AI_EC,2026-09-02T21:54:16Z,2,True
Netherlands,NL,Small (10-49),SMALL_10_49,2025,True,Data availability or quality,E_AI_BDDT,33.3,42.5,-9.2,0.3963,-3.66,28.8,18.9,9.8,1.74,22,22,0.791,E_AI_TANY,PC_ENT,PC_ENT_AI_EC,2026-09-02T21:54:16Z,3,True
Netherlands,NL,Small (10-49),SMALL_10_49,2025,True,Incompatible with existing systems,E_AI_BINC,31.8,42.2,-10.4,-0.24,2.5,28.8,18.9,9.8,1.74,22,22,0.791,E_AI_TANY,PC_ENT,PC_ENT_AI_EC,2026-09-02T21:54:16Z,4,True
Netherlands,NL,Small (10-49),SMALL_10_49,2025,True,AI not useful for us,E_AI_BNU,13.4,20.1,-6.7,-0.1832,1.22,28.8,18.9,9.8,1.74,22,22,0.791,E_AI_TANY,PC_ENT,PC_ENT_AI_EC,2026-09-02T21:54:16Z,5,True
Netherlands,NL,Small (10-49),SMALL_10_49,2025,True,Privacy and data protection,E_AI_BCDP,45.1,47.6,-2.5,-0.3463,0.85,28.8,18.9,9.8,1.74,22,22,0.791,E_AI_TANY,PC_ENT,PC_ENT_AI_EC,2026-09-02T21:54:16Z,6,True
Netherlands,NL,Small (10-49),SMALL_10_49,2025,True,Lack of expertise,E_AI_BLE,79.5,70.1,9.4,0.0654,0.61,28.8,18.9,9.8,1.74,22,22,0.791,E_AI_TANY,PC_ENT,PC_ENT_AI_EC,2026-09-02T21:54:16Z,7,True
Norway,NO,Small (10-49),SMALL_10_49,2025,True,Cost too high,E_AI_BCST,19.6,40.1,-20.6,-0.5971,12.28,25.2,18.9,6.3,-3.95,22,22,0.791,E_AI_TANY,PC_ENT,PC_ENT_AI_EC,2026-09-02T21:54:16Z,1,True
Norway,NO,Small (10-49),SMALL_10_49,2025,True,Legal consequences unclear,E_AI_BLEG,32.8,49.6,-16.9,0.3128,-5.27,25.2,18.9,6.3,-3.95,22,22,0.791,E_AI_TANY,PC_ENT,PC_ENT_AI_EC,2026-09-02T21:54:16Z,2,True
Norway,NO,Small (10-49),SMALL_10_49,2025,True,Data availability or quality,E_AI_BDDT,29.9,42.5,-12.6,0.3963,-4.98,25.2,18.9,6.3,-3.95,22,22,0.791,E_AI_TANY,PC_ENT,PC_ENT_AI_EC,2026-09-02T21:54:16Z,3,True
Norway,NO,Small (10-49),SMALL_10_49,2025,True,Privacy and data protection,E_AI_BCDP,38.0,47.6,-9.6,-0.3463,3.33,25.2,18.9,6.3,-3.95,22,22,0.791,E_AI_TANY,PC_ENT,PC_ENT_AI_EC,2026-09-02T21:54:16Z,4,True
Norway,NO,Small (10-49),SMALL_10_49,2025,True,Incompatible with existing systems,E_AI_BINC,30.4,42.2,-11.9,-0.24,2.85,25.2,18.9,6.3,-3.95,22,22,0.791,E_AI_TANY,PC_ENT,PC_ENT_AI_EC,2026-09-02T21:54:16Z,5,True
Norway,NO,Small (10-49),SMALL_10_49,2025,True,AI not useful for us,E_AI_BNU,11.7,20.1,-8.4,-0.1832,1.54,25.2,18.9,6.3,-3.95,22,22,0.791,E_AI_TANY,PC_ENT,PC_ENT_AI_EC,2026-09-02T21:54:16Z,6,True
Norway,NO,Small (10-49),SMALL_10_49,2025,True,Lack of expertise,E_AI_BLE,77.6,70.1,7.5,0.0654,0.49,25.2,18.9,6.3,-3.95,22,22,0.791,E_AI_TANY,PC_ENT,PC_ENT_AI_EC,2026-09-02T21:54:16Z,7,True
Poland,PL,Small (10-49),SMALL_10_49,2025,True,Cost too high,E_AI_BCST,52.9,40.1,12.8,-0.5971,-7.62,5.8,18.9,-13.1,0.37,22,22,0.791,E_AI_TANY,PC_ENT,PC_ENT_AI_EC,2026-09-02T21:54:16Z,1,True
Poland,PL,Small (10-49),SMALL_10_49,2025,True,Data availability or quality,E_AI_BDDT,33.2,42.5,-9.3,0.3963,-3.69,5.8,18.9,-13.1,0.37,22,22,0.791,E_AI_TANY,PC_ENT,PC_ENT_AI_EC,2026-09-02T21:54:16Z,2,True
Poland,PL,Small (10-49),SMALL_10_49,2025,True,AI not useful for us,E_AI_BNU,37.2,20.1,17.1,-0.1832,-3.13,5.8,18.9,-13.1,0.37,22,22,0.791,E_AI_TANY,PC_ENT,PC_ENT_AI_EC,2026-09-02T21:54:16Z,3,True
Poland,PL,Small (10-49),SMALL_10_49,2025,True,Legal consequences unclear,E_AI_BLEG,52.8,49.6,3.2,0.3128,0.99,5.8,18.9,-13.1,0.37,22,22,0.791,E_AI_TANY,PC_ENT,PC_ENT_AI_EC,2026-09-02T21:54:16Z,4,True
Poland,PL,Small (10-49),SMALL_10_49,2025,True,Incompatible with existing systems,E_AI_BINC,39.6,42.2,-2.6,-0.24,0.63,5.8,18.9,-13.1,0.37,22,22,0.791,E_AI_TANY,PC_ENT,PC_ENT_AI_EC,2026-09-02T21:54:16Z,5,True
Poland,PL,Small (10-49),SMALL_10_49,2025,True,Lack of expertise,E_AI_BLE,63.4,70.1,-6.7,0.0654,-0.44,5.8,18.9,-13.1,0.37,22,22,0.791,E_AI_TANY,PC_ENT,PC_ENT_AI_EC,2026-09-02T21:54:16Z,6,True
Poland,PL,Small (10-49),SMALL_10_49,2025,True,Privacy and data protection,E_AI_BCDP,48.3,47.6,0.7,-0.3463,-0.26,5.8,18.9,-13.1,0.37,22,22,0.791,E_AI_TANY,PC_ENT,PC_ENT_AI_EC,2026-09-02T21:54:16Z,7,True
Portugal,PT,Small (10-49),SMALL_10_49,2025,True,Cost too high,E_AI_BCST,62.0,40.1,21.9,-0.5971,-13.07,9.4,18.9,-9.5,1.04,22,22,0.791,E_AI_TANY,PC_ENT,PC_ENT_AI_EC,2026-09-02T21:54:16Z,1,True
Portugal,PT,Small (10-49),SMALL_10_49,2025,True,Data availability or quality,E_AI_BDDT,49.3,42.5,6.8,0.3963,2.71,9.4,18.9,-9.5,1.04,22,22,0.791,E_AI_TANY,PC_ENT,PC_ENT_AI_EC,2026-09-02T21:54:16Z,2,True
Portugal,PT,Small (10-49),SMALL_10_49,2025,True,Legal consequences unclear,E_AI_BLEG,57.7,49.6,8.1,0.3128,2.52,9.4,18.9,-9.5,1.04,22,22,0.791,E_AI_TANY,PC_ENT,PC_ENT_AI_EC,2026-09-02T21:54:16Z,3,True
Portugal,PT,Small (10-49),SMALL_10_49,2025,True,Privacy and data protection,E_AI_BCDP,54.8,47.6,7.2,-0.3463,-2.49,9.4,18.9,-9.5,1.04,22,22,0.791,E_AI_TANY,PC_ENT,PC_ENT_AI_EC,2026-09-02T21:54:16Z,4,True
Portugal,PT,Small (10-49),SMALL_10_49,2025,True,Incompatible with existing systems,E_AI_BINC,45.4,42.2,3.2,-0.24,-0.76,9.4,18.9,-9.5,1.04,22,22,0.791,E_AI_TANY,PC_ENT,PC_ENT_AI_EC,2026-09-02T21:54:16Z,5,True
Portugal,PT,Small (10-49),SMALL_10_49,2025,True,Lack of expertise,E_AI_BLE,77.6,70.1,7.5,0.0654,0.49,9.4,18.9,-9.5,1.04,22,22,0.791,E_AI_TANY,PC_ENT,PC_ENT_AI_EC,2026-09-02T21:54:16Z,6,True
Portugal,PT,Small (10-49),SMALL_10_49,2025,True,AI not useful for us,E_AI_BNU,19.7,20.1,-0.4,-0.1832,0.07,9.4,18.9,-9.5,1.04,22,22,0.791,E_AI_TANY,PC_ENT,PC_ENT_AI_EC,2026-09-02T21:54:16Z,7,True
Slovakia,SK,Small (10-49),SMALL_10_49,2025,True,Cost too high,E_AI_BCST,54.0,40.1,13.8,-0.5971,-8.27,15.6,18.9,-3.3,6.62,22,22,0.791,E_AI_TANY,PC_ENT,PC_ENT_AI_EC,2026-09-02T21:54:16Z,1,True
Slovakia,SK,Small (10-49),SMALL_10_49,2025,True,Legal consequences unclear,E_AI_BLEG,58.8,49.6,9.2,0.3128,2.88,15.6,18.9,-3.3,6.62,22,22,0.791,E_AI_TANY,PC_ENT,PC_ENT_AI_EC,2026-09-02T21:54:16Z,2,True
Slovakia,SK,Small (10-49),SMALL_10_49,2025,True,Incompatible with existing systems,E_AI_BINC,52.7,42.2,10.5,-0.24,-2.51,15.6,18.9,-3.3,6.62,22,22,0.791,E_AI_TANY,PC_ENT,PC_ENT_AI_EC,2026-09-02T21:54:16Z,3,True
Slovakia,SK,Small (10-49),SMALL_10_49,2025,True,Privacy and data protection,E_AI_BCDP,52.5,47.6,4.9,-0.3463,-1.71,15.6,18.9,-3.3,6.62,22,22,0.791,E_AI_TANY,PC_ENT,PC_ENT_AI_EC,2026-09-02T21:54:16Z,4,True
Slovakia,SK,Small (10-49),SMALL_10_49,2025,True,Lack of expertise,E_AI_BLE,57.1,70.1,-12.9,0.0654,-0.85,15.6,18.9,-3.3,6.62,22,22,0.791,E_AI_TANY,PC_ENT,PC_ENT_AI_EC,2026-09-02T21:54:16Z,5,True
Slovakia,SK,Small (10-49),SMALL_10_49,2025,True,Data availability or quality,E_AI_BDDT,43.7,42.5,1.2,0.3963,0.47,15.6,18.9,-3.3,6.62,22,22,0.791,E_AI_TANY,PC_ENT,PC_ENT_AI_EC,2026-09-02T21:54:16Z,6,True
Slovakia,SK,Small (10-49),SMALL_10_49,2025,True,AI not useful for us,E_AI_BNU,19.9,20.1,-0.2,-0.1832,0.04,15.6,18.9,-3.3,6.62,22,22,0.791,E_AI_TANY,PC_ENT,PC_ENT_AI_EC,2026-09-02T21:54:16Z,7,True
Slovenia,SI,Small (10-49),SMALL_10_49,2025,True,Incompatible with existing systems,E_AI_BINC,49.2,42.2,7.0,-0.24,-1.68,18.3,18.9,-0.6,-1.23,22,22,0.791,E_AI_TANY,PC_ENT,PC_ENT_AI_EC,2026-09-02T21:54:16Z,1,True
Slovenia,SI,Small (10-49),SMALL_10_49,2025,True,Legal consequences unclear,E_AI_BLEG,54.4,49.6,4.7,0.3128,1.48,18.3,18.9,-0.6,-1.23,22,22,0.791,E_AI_TANY,PC_ENT,PC_ENT_AI_EC,2026-09-02T21:54:16Z,2,True
Slovenia,SI,Small (10-49),SMALL_10_49,2025,True,Data availability or quality,E_AI_BDDT,45.4,42.5,2.9,0.3963,1.13,18.3,18.9,-0.6,-1.23,22,22,0.791,E_AI_TANY,PC_ENT,PC_ENT_AI_EC,2026-09-02T21:54:16Z,3,True
Slovenia,SI,Small (10-49),SMALL_10_49,2025,True,Privacy and data protection,E_AI_BCDP,48.1,47.6,0.5,-0.3463,-0.17,18.3,18.9,-0.6,-1.23,22,22,0.791,E_AI_TANY,PC_ENT,PC_ENT_AI_EC,2026-09-02T21:54:16Z,4,True
Slovenia,SI,Small (10-49),SMALL_10_49,2025,True,Cost too high,E_AI_BCST,40.4,40.1,0.3,-0.5971,-0.15,18.3,18.9,-0.6,-1.23,22,22,0.791,E_AI_TANY,PC_ENT,PC_ENT_AI_EC,2026-09-02T21:54:16Z,5,True
Slovenia,SI,Small (10-49),SMALL_10_49,2025,True,Lack of expertise,E_AI_BLE,69.9,70.1,-0.2,0.0654,-0.01,18.3,18.9,-0.6,-1.23,22,22,0.791,E_AI_TANY,PC_ENT,PC_ENT_AI_EC,2026-09-02T21:54:16Z,6,True
Slovenia,SI,Small (10-49),SMALL_10_49,2025,True,AI not useful for us,E_AI_BNU,20.0,20.1,-0.1,-0.1832,0.01,18.3,18.9,-0.6,-1.23,22,22,0.791,E_AI_TANY,PC_ENT,PC_ENT_AI_EC,2026-09-02T21:54:16Z,7,True
Spain,ES,Small (10-49),SMALL_10_49,2025,True,Cost too high,E_AI_BCST,47.3,40.1,7.2,-0.5971,-4.3,17.2,18.9,-1.7,-1.51,22,22,0.791,E_AI_TANY,PC_ENT,PC_ENT_AI_EC,2026-09-02T21:54:16Z,1,True
Spain,ES,Small (10-49),SMALL_10_49,2025,True,Privacy and data protection,E_AI_BCDP,54.9,47.6,7.3,-0.3463,-2.52,17.2,18.9,-1.7,-1.51,22,22,0.791,E_AI_TANY,PC_ENT,PC_ENT_AI_EC,2026-09-02T21:54:16Z,2,True
Spain,ES,Small (10-49),SMALL_10_49,2025,True,Data availability or quality,E_AI_BDDT,48.0,42.5,5.5,0.3963,2.2,17.2,18.9,-1.7,-1.51,22,22,0.791,E_AI_TANY,PC_ENT,PC_ENT_AI_EC,2026-09-02T21:54:16Z,3,True
Spain,ES,Small (10-49),SMALL_10_49,2025,True,Incompatible with existing systems,E_AI_BINC,36.0,42.2,-6.2,-0.24,1.5,17.2,18.9,-1.7,-1.51,22,22,0.791,E_AI_TANY,PC_ENT,PC_ENT_AI_EC,2026-09-02T21:54:16Z,4,True
Spain,ES,Small (10-49),SMALL_10_49,2025,True,AI not useful for us,E_AI_BNU,13.9,20.1,-6.2,-0.1832,1.14,17.2,18.9,-1.7,-1.51,22,22,0.791,E_AI_TANY,PC_ENT,PC_ENT_AI_EC,2026-09-02T21:54:16Z,5,True
Spain,ES,Small (10-49),SMALL_10_49,2025,True,Lack of expertise,E_AI_BLE,84.4,70.1,14.3,0.0654,0.93,17.2,18.9,-1.7,-1.51,22,22,0.791,E_AI_TANY,PC_ENT,PC_ENT_AI_EC,2026-09-02T21:54:16Z,6,True
Spain,ES,Small (10-49),SMALL_10_49,2025,True,Legal consequences unclear,E_AI_BLEG,52.2,49.6,2.6,0.3128,0.8,17.2,18.9,-1.7,-1.51,22,22,0.791,E_AI_TANY,PC_ENT,PC_ENT_AI_EC,2026-09-02T21:54:16Z,7,True
Sweden,SE,Small (10-49),SMALL_10_49,2025,True,Cost too high,E_AI_BCST,21.6,40.1,-18.5,-0.5971,11.04,30.7,18.9,11.8,2.26,22,22,0.791,E_AI_TANY,PC_ENT,PC_ENT_AI_EC,2026-09-02T21:54:16Z,1,True
Sweden,SE,Small (10-49),SMALL_10_49,2025,True,Legal consequences unclear,E_AI_BLEG,41.1,49.6,-8.5,0.3128,-2.67,30.7,18.9,11.8,2.26,22,22,0.791,E_AI_TANY,PC_ENT,PC_ENT_AI_EC,2026-09-02T21:54:16Z,2,True
Sweden,SE,Small (10-49),SMALL_10_49,2025,True,Data availability or quality,E_AI_BDDT,45.3,42.5,2.8,0.3963,1.1,30.7,18.9,11.8,2.26,22,22,0.791,E_AI_TANY,PC_ENT,PC_ENT_AI_EC,2026-09-02T21:54:16Z,3,True
Sweden,SE,Small (10-49),SMALL_10_49,2025,True,Privacy and data protection,E_AI_BCDP,50.0,47.6,2.4,-0.3463,-0.83,30.7,18.9,11.8,2.26,22,22,0.791,E_AI_TANY,PC_ENT,PC_ENT_AI_EC,2026-09-02T21:54:16Z,4,True
Sweden,SE,Small (10-49),SMALL_10_49,2025,True,Incompatible with existing systems,E_AI_BINC,40.2,42.2,-2.0,-0.24,0.49,30.7,18.9,11.8,2.26,22,22,0.791,E_AI_TANY,PC_ENT,PC_ENT_AI_EC,2026-09-02T21:54:16Z,5,True
Sweden,SE,Small (10-49),SMALL_10_49,2025,True,AI not useful for us,E_AI_BNU,18.7,20.1,-1.4,-0.1832,0.25,30.7,18.9,11.8,2.26,22,22,0.791,E_AI_TANY,PC_ENT,PC_ENT_AI_EC,2026-09-02T21:54:16Z,6,True
Sweden,SE,Small (10-49),SMALL_10_49,2025,True,Lack of expertise,E_AI_BLE,72.7,70.1,2.6,0.0654,0.17,30.7,18.9,11.8,2.26,22,22,0.791,E_AI_TANY,PC_ENT,PC_ENT_AI_EC,2026-09-02T21:54:16Z,7,True
