country,geo,tier,tier_code,year,in_model,barrier,barrier_code,exposure_pct,tier_mean_pct,deviation_pp,coefficient,contribution_pp,actual_adoption_pct,expected_adoption_pct,gap_pp,unexplained_pp,tier_n_cells,tier_n_countries,tier_delta_r2,outcome_code,outcome_unit,exposure_unit,generated_utc,rank_in_unit,tier_ranking_stable
All countries (unweighted mean),ALL_MEAN,Large (250+),LARGE_GE250,2025,False,Legal consequences unclear,E_AI_BLEG,47.6,38.2,9.4,-0.1717,-1.62,55.3,56.7,-1.5,-0.0,80,23,0.266,E_AI_TANY,PC_ENT,PC_ENT_AI_EC,2026-09-02T22:43:05Z,1,False
All countries (unweighted mean),ALL_MEAN,Large (250+),LARGE_GE250,2025,False,Cost too high,E_AI_BCST,41.9,45.1,-3.2,-0.4143,1.32,55.3,56.7,-1.5,-0.0,80,23,0.266,E_AI_TANY,PC_ENT,PC_ENT_AI_EC,2026-09-02T22:43:05Z,2,False
All countries (unweighted mean),ALL_MEAN,Large (250+),LARGE_GE250,2025,False,Privacy and data protection,E_AI_BCDP,55.5,41.5,14.0,-0.0912,-1.28,55.3,56.7,-1.5,-0.0,80,23,0.266,E_AI_TANY,PC_ENT,PC_ENT_AI_EC,2026-09-02T22:43:05Z,3,False
All countries (unweighted mean),ALL_MEAN,Large (250+),LARGE_GE250,2025,False,Lack of expertise,E_AI_BLE,63.6,62.9,0.8,0.3877,0.29,55.3,56.7,-1.5,-0.0,80,23,0.266,E_AI_TANY,PC_ENT,PC_ENT_AI_EC,2026-09-02T22:43:05Z,4,False
All countries (unweighted mean),ALL_MEAN,Large (250+),LARGE_GE250,2025,False,Incompatible with existing systems,E_AI_BINC,42.9,45.7,-2.8,0.0758,-0.21,55.3,56.7,-1.5,-0.0,80,23,0.266,E_AI_TANY,PC_ENT,PC_ENT_AI_EC,2026-09-02T22:43:05Z,5,False
All countries (unweighted mean),ALL_MEAN,Large (250+),LARGE_GE250,2025,False,Data availability or quality,E_AI_BDDT,44.7,44.3,0.4,0.3716,0.16,55.3,56.7,-1.5,-0.0,80,23,0.266,E_AI_TANY,PC_ENT,PC_ENT_AI_EC,2026-09-02T22:43:05Z,6,False
All countries (unweighted mean),ALL_MEAN,Large (250+),LARGE_GE250,2025,False,AI not useful for us,E_AI_BNU,12.0,12.4,-0.4,0.3377,-0.12,55.3,56.7,-1.5,-0.0,80,23,0.266,E_AI_TANY,PC_ENT,PC_ENT_AI_EC,2026-09-02T22:43:05Z,7,False
Austria,AT,Large (250+),LARGE_GE250,2025,True,Cost too high,E_AI_BCST,31.7,45.1,-13.4,-0.4143,5.55,68.3,56.7,11.5,10.33,80,23,0.266,E_AI_TANY,PC_ENT,PC_ENT_AI_EC,2026-09-02T22:43:05Z,1,False
Austria,AT,Large (250+),LARGE_GE250,2025,True,AI not useful for us,E_AI_BNU,26.3,12.4,13.9,0.3377,4.7,68.3,56.7,11.5,10.33,80,23,0.266,E_AI_TANY,PC_ENT,PC_ENT_AI_EC,2026-09-02T22:43:05Z,2,False
Austria,AT,Large (250+),LARGE_GE250,2025,True,Lack of expertise,E_AI_BLE,54.9,62.9,-8.0,0.3877,-3.09,68.3,56.7,11.5,10.33,80,23,0.266,E_AI_TANY,PC_ENT,PC_ENT_AI_EC,2026-09-02T22:43:05Z,3,False
Austria,AT,Large (250+),LARGE_GE250,2025,True,Data availability or quality,E_AI_BDDT,38.5,44.3,-5.8,0.3716,-2.15,68.3,56.7,11.5,10.33,80,23,0.266,E_AI_TANY,PC_ENT,PC_ENT_AI_EC,2026-09-02T22:43:05Z,4,False
Austria,AT,Large (250+),LARGE_GE250,2025,True,Legal consequences unclear,E_AI_BLEG,47.0,38.2,8.8,-0.1717,-1.51,68.3,56.7,11.5,10.33,80,23,0.266,E_AI_TANY,PC_ENT,PC_ENT_AI_EC,2026-09-02T22:43:05Z,5,False
Austria,AT,Large (250+),LARGE_GE250,2025,True,Privacy and data protection,E_AI_BCDP,55.2,41.5,13.7,-0.0912,-1.25,68.3,56.7,11.5,10.33,80,23,0.266,E_AI_TANY,PC_ENT,PC_ENT_AI_EC,2026-09-02T22:43:05Z,6,False
Austria,AT,Large (250+),LARGE_GE250,2025,True,Incompatible with existing systems,E_AI_BINC,32.1,45.7,-13.6,0.0758,-1.03,68.3,56.7,11.5,10.33,80,23,0.266,E_AI_TANY,PC_ENT,PC_ENT_AI_EC,2026-09-02T22:43:05Z,7,False
Belgium,BE,Large (250+),LARGE_GE250,2025,True,Lack of expertise,E_AI_BLE,82.2,62.9,19.3,0.3877,7.49,76.4,56.7,19.7,12.95,80,23,0.266,E_AI_TANY,PC_ENT,PC_ENT_AI_EC,2026-09-02T22:43:05Z,1,False
Belgium,BE,Large (250+),LARGE_GE250,2025,True,Data availability or quality,E_AI_BDDT,60.1,44.3,15.8,0.3716,5.87,76.4,56.7,19.7,12.95,80,23,0.266,E_AI_TANY,PC_ENT,PC_ENT_AI_EC,2026-09-02T22:43:05Z,2,False
Belgium,BE,Large (250+),LARGE_GE250,2025,True,Cost too high,E_AI_BCST,51.3,45.1,6.2,-0.4143,-2.57,76.4,56.7,19.7,12.95,80,23,0.266,E_AI_TANY,PC_ENT,PC_ENT_AI_EC,2026-09-02T22:43:05Z,3,False
Belgium,BE,Large (250+),LARGE_GE250,2025,True,Legal consequences unclear,E_AI_BLEG,52.7,38.2,14.5,-0.1717,-2.49,76.4,56.7,19.7,12.95,80,23,0.266,E_AI_TANY,PC_ENT,PC_ENT_AI_EC,2026-09-02T22:43:05Z,4,False
Belgium,BE,Large (250+),LARGE_GE250,2025,True,Privacy and data protection,E_AI_BCDP,57.3,41.5,15.9,-0.0912,-1.45,76.4,56.7,19.7,12.95,80,23,0.266,E_AI_TANY,PC_ENT,PC_ENT_AI_EC,2026-09-02T22:43:05Z,5,False
Belgium,BE,Large (250+),LARGE_GE250,2025,True,AI not useful for us,E_AI_BNU,10.2,12.4,-2.2,0.3377,-0.74,76.4,56.7,19.7,12.95,80,23,0.266,E_AI_TANY,PC_ENT,PC_ENT_AI_EC,2026-09-02T22:43:05Z,6,False
Belgium,BE,Large (250+),LARGE_GE250,2025,True,Incompatible with existing systems,E_AI_BINC,54.0,45.7,8.4,0.0758,0.63,76.4,56.7,19.7,12.95,80,23,0.266,E_AI_TANY,PC_ENT,PC_ENT_AI_EC,2026-09-02T22:43:05Z,7,False
Bulgaria,BG,Large (250+),LARGE_GE250,2025,True,Cost too high,E_AI_BCST,53.8,45.1,8.8,-0.4143,-3.63,26.2,56.7,-30.5,-20.11,80,23,0.266,E_AI_TANY,PC_ENT,PC_ENT_AI_EC,2026-09-02T22:43:05Z,1,False
Bulgaria,BG,Large (250+),LARGE_GE250,2025,True,Data availability or quality,E_AI_BDDT,37.0,44.3,-7.3,0.3716,-2.72,26.2,56.7,-30.5,-20.11,80,23,0.266,E_AI_TANY,PC_ENT,PC_ENT_AI_EC,2026-09-02T22:43:05Z,2,False
Bulgaria,BG,Large (250+),LARGE_GE250,2025,True,Legal consequences unclear,E_AI_BLEG,51.8,38.2,13.6,-0.1717,-2.33,26.2,56.7,-30.5,-20.11,80,23,0.266,E_AI_TANY,PC_ENT,PC_ENT_AI_EC,2026-09-02T22:43:05Z,3,False
Bulgaria,BG,Large (250+),LARGE_GE250,2025,True,AI not useful for us,E_AI_BNU,9.9,12.4,-2.5,0.3377,-0.85,26.2,56.7,-30.5,-20.11,80,23,0.266,E_AI_TANY,PC_ENT,PC_ENT_AI_EC,2026-09-02T22:43:05Z,4,False
Bulgaria,BG,Large (250+),LARGE_GE250,2025,True,Privacy and data protection,E_AI_BCDP,47.2,41.5,5.7,-0.0912,-0.52,26.2,56.7,-30.5,-20.11,80,23,0.266,E_AI_TANY,PC_ENT,PC_ENT_AI_EC,2026-09-02T22:43:05Z,5,False
Bulgaria,BG,Large (250+),LARGE_GE250,2025,True,Lack of expertise,E_AI_BLE,61.9,62.9,-0.9,0.3877,-0.36,26.2,56.7,-30.5,-20.11,80,23,0.266,E_AI_TANY,PC_ENT,PC_ENT_AI_EC,2026-09-02T22:43:05Z,6,False
Bulgaria,BG,Large (250+),LARGE_GE250,2025,True,Incompatible with existing systems,E_AI_BINC,45.7,45.7,0.0,0.0758,0.0,26.2,56.7,-30.5,-20.11,80,23,0.266,E_AI_TANY,PC_ENT,PC_ENT_AI_EC,2026-09-02T22:43:05Z,7,False
Croatia,HR,Large (250+),LARGE_GE250,2025,True,Data availability or quality,E_AI_BDDT,32.5,44.3,-11.8,0.3716,-4.4,39.6,56.7,-17.1,-10.7,80,23,0.266,E_AI_TANY,PC_ENT,PC_ENT_AI_EC,2026-09-02T22:43:05Z,1,False
Croatia,HR,Large (250+),LARGE_GE250,2025,True,Cost too high,E_AI_BCST,52.6,45.1,7.5,-0.4143,-3.11,39.6,56.7,-17.1,-10.7,80,23,0.266,E_AI_TANY,PC_ENT,PC_ENT_AI_EC,2026-09-02T22:43:05Z,2,False
Croatia,HR,Large (250+),LARGE_GE250,2025,True,AI not useful for us,E_AI_BNU,17.3,12.4,5.0,0.3377,1.68,39.6,56.7,-17.1,-10.7,80,23,0.266,E_AI_TANY,PC_ENT,PC_ENT_AI_EC,2026-09-02T22:43:05Z,3,False
Croatia,HR,Large (250+),LARGE_GE250,2025,True,Lack of expertise,E_AI_BLE,59.2,62.9,-3.6,0.3877,-1.41,39.6,56.7,-17.1,-10.7,80,23,0.266,E_AI_TANY,PC_ENT,PC_ENT_AI_EC,2026-09-02T22:43:05Z,4,False
Croatia,HR,Large (250+),LARGE_GE250,2025,True,Legal consequences unclear,E_AI_BLEG,35.7,38.2,-2.5,-0.1717,0.44,39.6,56.7,-17.1,-10.7,80,23,0.266,E_AI_TANY,PC_ENT,PC_ENT_AI_EC,2026-09-02T22:43:05Z,5,False
Croatia,HR,Large (250+),LARGE_GE250,2025,True,Privacy and data protection,E_AI_BCDP,39.2,41.5,-2.3,-0.0912,0.21,39.6,56.7,-17.1,-10.7,80,23,0.266,E_AI_TANY,PC_ENT,PC_ENT_AI_EC,2026-09-02T22:43:05Z,6,False
Croatia,HR,Large (250+),LARGE_GE250,2025,True,Incompatible with existing systems,E_AI_BINC,47.7,45.7,2.0,0.0758,0.15,39.6,56.7,-17.1,-10.7,80,23,0.266,E_AI_TANY,PC_ENT,PC_ENT_AI_EC,2026-09-02T22:43:05Z,7,False
Cyprus,CY,Large (250+),LARGE_GE250,2025,True,Lack of expertise,E_AI_BLE,45.6,62.9,-17.3,0.3877,-6.71,35.1,56.7,-21.6,-16.02,80,23,0.266,E_AI_TANY,PC_ENT,PC_ENT_AI_EC,2026-09-02T22:43:05Z,1,False
Cyprus,CY,Large (250+),LARGE_GE250,2025,True,Cost too high,E_AI_BCST,36.8,45.1,-8.3,-0.4143,3.44,35.1,56.7,-21.6,-16.02,80,23,0.266,E_AI_TANY,PC_ENT,PC_ENT_AI_EC,2026-09-02T22:43:05Z,2,False
Cyprus,CY,Large (250+),LARGE_GE250,2025,True,Legal consequences unclear,E_AI_BLEG,56.1,38.2,17.9,-0.1717,-3.07,35.1,56.7,-21.6,-16.02,80,23,0.266,E_AI_TANY,PC_ENT,PC_ENT_AI_EC,2026-09-02T22:43:05Z,3,False
Cyprus,CY,Large (250+),LARGE_GE250,2025,True,Incompatible with existing systems,E_AI_BINC,68.5,45.7,22.8,0.0758,1.73,35.1,56.7,-21.6,-16.02,80,23,0.266,E_AI_TANY,PC_ENT,PC_ENT_AI_EC,2026-09-02T22:43:05Z,4,False
Cyprus,CY,Large (250+),LARGE_GE250,2025,True,Privacy and data protection,E_AI_BCDP,50.8,41.5,9.3,-0.0912,-0.85,35.1,56.7,-21.6,-16.02,80,23,0.266,E_AI_TANY,PC_ENT,PC_ENT_AI_EC,2026-09-02T22:43:05Z,5,False
Cyprus,CY,Large (250+),LARGE_GE250,2025,True,AI not useful for us,E_AI_BNU,10.5,12.4,-1.9,0.3377,-0.63,35.1,56.7,-21.6,-16.02,80,23,0.266,E_AI_TANY,PC_ENT,PC_ENT_AI_EC,2026-09-02T22:43:05Z,6,False
Cyprus,CY,Large (250+),LARGE_GE250,2025,True,Data availability or quality,E_AI_BDDT,45.6,44.3,1.3,0.3716,0.47,35.1,56.7,-21.6,-16.02,80,23,0.266,E_AI_TANY,PC_ENT,PC_ENT_AI_EC,2026-09-02T22:43:05Z,7,False
Denmark,DK,Large (250+),LARGE_GE250,2025,True,Cost too high,E_AI_BCST,19.9,45.1,-25.2,-0.4143,10.43,74.5,56.7,17.8,7.23,80,23,0.266,E_AI_TANY,PC_ENT,PC_ENT_AI_EC,2026-09-02T22:43:05Z,1,False
Denmark,DK,Large (250+),LARGE_GE250,2025,True,Lack of expertise,E_AI_BLE,73.5,62.9,10.6,0.3877,4.11,74.5,56.7,17.8,7.23,80,23,0.266,E_AI_TANY,PC_ENT,PC_ENT_AI_EC,2026-09-02T22:43:05Z,2,False
Denmark,DK,Large (250+),LARGE_GE250,2025,True,Privacy and data protection,E_AI_BCDP,59.8,41.5,18.3,-0.0912,-1.67,74.5,56.7,17.8,7.23,80,23,0.266,E_AI_TANY,PC_ENT,PC_ENT_AI_EC,2026-09-02T22:43:05Z,3,False
Denmark,DK,Large (250+),LARGE_GE250,2025,True,Legal consequences unclear,E_AI_BLEG,45.1,38.2,6.9,-0.1717,-1.18,74.5,56.7,17.8,7.23,80,23,0.266,E_AI_TANY,PC_ENT,PC_ENT_AI_EC,2026-09-02T22:43:05Z,4,False
Denmark,DK,Large (250+),LARGE_GE250,2025,True,Data availability or quality,E_AI_BDDT,42.0,44.3,-2.3,0.3716,-0.87,74.5,56.7,17.8,7.23,80,23,0.266,E_AI_TANY,PC_ENT,PC_ENT_AI_EC,2026-09-02T22:43:05Z,5,False
Denmark,DK,Large (250+),LARGE_GE250,2025,True,Incompatible with existing systems,E_AI_BINC,35.8,45.7,-9.8,0.0758,-0.75,74.5,56.7,17.8,7.23,80,23,0.266,E_AI_TANY,PC_ENT,PC_ENT_AI_EC,2026-09-02T22:43:05Z,6,False
Denmark,DK,Large (250+),LARGE_GE250,2025,True,AI not useful for us,E_AI_BNU,13.9,12.4,1.5,0.3377,0.5,74.5,56.7,17.8,7.23,80,23,0.266,E_AI_TANY,PC_ENT,PC_ENT_AI_EC,2026-09-02T22:43:05Z,7,False
European Union - 27 countries (from 2020),EU27_2020,Large (250+),LARGE_GE250,2025,False,Cost too high,E_AI_BCST,34.8,45.1,-10.3,-0.4143,4.26,55.0,56.7,-1.7,-1.35,80,23,0.266,E_AI_TANY,PC_ENT,PC_ENT_AI_EC,2026-09-02T22:43:05Z,1,False
European Union - 27 countries (from 2020),EU27_2020,Large (250+),LARGE_GE250,2025,False,Legal consequences unclear,E_AI_BLEG,51.2,38.2,13.0,-0.1717,-2.24,55.0,56.7,-1.7,-1.35,80,23,0.266,E_AI_TANY,PC_ENT,PC_ENT_AI_EC,2026-09-02T22:43:05Z,2,False
European Union - 27 countries (from 2020),EU27_2020,Large (250+),LARGE_GE250,2025,False,Privacy and data protection,E_AI_BCDP,58.8,41.5,17.3,-0.0912,-1.58,55.0,56.7,-1.7,-1.35,80,23,0.266,E_AI_TANY,PC_ENT,PC_ENT_AI_EC,2026-09-02T22:43:05Z,3,False
European Union - 27 countries (from 2020),EU27_2020,Large (250+),LARGE_GE250,2025,False,AI not useful for us,E_AI_BNU,9.8,12.4,-2.6,0.3377,-0.88,55.0,56.7,-1.7,-1.35,80,23,0.266,E_AI_TANY,PC_ENT,PC_ENT_AI_EC,2026-09-02T22:43:05Z,4,False
European Union - 27 countries (from 2020),EU27_2020,Large (250+),LARGE_GE250,2025,False,Lack of expertise,E_AI_BLE,65.1,62.9,2.2,0.3877,0.86,55.0,56.7,-1.7,-1.35,80,23,0.266,E_AI_TANY,PC_ENT,PC_ENT_AI_EC,2026-09-02T22:43:05Z,5,False
European Union - 27 countries (from 2020),EU27_2020,Large (250+),LARGE_GE250,2025,False,Incompatible with existing systems,E_AI_BINC,38.0,45.7,-7.7,0.0758,-0.58,55.0,56.7,-1.7,-1.35,80,23,0.266,E_AI_TANY,PC_ENT,PC_ENT_AI_EC,2026-09-02T22:43:05Z,6,False
European Union - 27 countries (from 2020),EU27_2020,Large (250+),LARGE_GE250,2025,False,Data availability or quality,E_AI_BDDT,43.8,44.3,-0.5,0.3716,-0.18,55.0,56.7,-1.7,-1.35,80,23,0.266,E_AI_TANY,PC_ENT,PC_ENT_AI_EC,2026-09-02T22:43:05Z,7,False
Finland,FI,Large (250+),LARGE_GE250,2025,True,Cost too high,E_AI_BCST,22.9,45.1,-22.2,-0.4143,9.19,79.4,56.7,22.7,18.13,80,23,0.266,E_AI_TANY,PC_ENT,PC_ENT_AI_EC,2026-09-02T22:43:05Z,1,False
Finland,FI,Large (250+),LARGE_GE250,2025,True,Data availability or quality,E_AI_BDDT,58.0,44.3,13.7,0.3716,5.08,79.4,56.7,22.7,18.13,80,23,0.266,E_AI_TANY,PC_ENT,PC_ENT_AI_EC,2026-09-02T22:43:05Z,2,False
Finland,FI,Large (250+),LARGE_GE250,2025,True,Lack of expertise,E_AI_BLE,51.8,62.9,-11.0,0.3877,-4.28,79.4,56.7,22.7,18.13,80,23,0.266,E_AI_TANY,PC_ENT,PC_ENT_AI_EC,2026-09-02T22:43:05Z,3,False
Finland,FI,Large (250+),LARGE_GE250,2025,True,Privacy and data protection,E_AI_BCDP,68.3,41.5,26.8,-0.0912,-2.45,79.4,56.7,22.7,18.13,80,23,0.266,E_AI_TANY,PC_ENT,PC_ENT_AI_EC,2026-09-02T22:43:05Z,4,False
Finland,FI,Large (250+),LARGE_GE250,2025,True,Legal consequences unclear,E_AI_BLEG,48.8,38.2,10.7,-0.1717,-1.83,79.4,56.7,22.7,18.13,80,23,0.266,E_AI_TANY,PC_ENT,PC_ENT_AI_EC,2026-09-02T22:43:05Z,5,False
Finland,FI,Large (250+),LARGE_GE250,2025,True,AI not useful for us,E_AI_BNU,8.3,12.4,-4.1,0.3377,-1.39,79.4,56.7,22.7,18.13,80,23,0.266,E_AI_TANY,PC_ENT,PC_ENT_AI_EC,2026-09-02T22:43:05Z,6,False
Finland,FI,Large (250+),LARGE_GE250,2025,True,Incompatible with existing systems,E_AI_BINC,48.9,45.7,3.3,0.0758,0.25,79.4,56.7,22.7,18.13,80,23,0.266,E_AI_TANY,PC_ENT,PC_ENT_AI_EC,2026-09-02T22:43:05Z,7,False
Greece,EL,Large (250+),LARGE_GE250,2025,True,Data availability or quality,E_AI_BDDT,55.1,44.3,10.8,0.3716,4.0,37.6,56.7,-19.1,-16.64,80,23,0.266,E_AI_TANY,PC_ENT,PC_ENT_AI_EC,2026-09-02T22:43:05Z,1,False
Greece,EL,Large (250+),LARGE_GE250,2025,True,Legal consequences unclear,E_AI_BLEG,53.9,38.2,15.7,-0.1717,-2.69,37.6,56.7,-19.1,-16.64,80,23,0.266,E_AI_TANY,PC_ENT,PC_ENT_AI_EC,2026-09-02T22:43:05Z,2,False
Greece,EL,Large (250+),LARGE_GE250,2025,True,Cost too high,E_AI_BCST,49.3,45.1,4.2,-0.4143,-1.75,37.6,56.7,-19.1,-16.64,80,23,0.266,E_AI_TANY,PC_ENT,PC_ENT_AI_EC,2026-09-02T22:43:05Z,3,False
Greece,EL,Large (250+),LARGE_GE250,2025,True,Privacy and data protection,E_AI_BCDP,58.1,41.5,16.6,-0.0912,-1.52,37.6,56.7,-19.1,-16.64,80,23,0.266,E_AI_TANY,PC_ENT,PC_ENT_AI_EC,2026-09-02T22:43:05Z,4,False
Greece,EL,Large (250+),LARGE_GE250,2025,True,AI not useful for us,E_AI_BNU,10.0,12.4,-2.4,0.3377,-0.82,37.6,56.7,-19.1,-16.64,80,23,0.266,E_AI_TANY,PC_ENT,PC_ENT_AI_EC,2026-09-02T22:43:05Z,5,False
Greece,EL,Large (250+),LARGE_GE250,2025,True,Incompatible with existing systems,E_AI_BINC,47.8,45.7,2.1,0.0758,0.16,37.6,56.7,-19.1,-16.64,80,23,0.266,E_AI_TANY,PC_ENT,PC_ENT_AI_EC,2026-09-02T22:43:05Z,6,False
Greece,EL,Large (250+),LARGE_GE250,2025,True,Lack of expertise,E_AI_BLE,63.2,62.9,0.3,0.3877,0.12,37.6,56.7,-19.1,-16.64,80,23,0.266,E_AI_TANY,PC_ENT,PC_ENT_AI_EC,2026-09-02T22:43:05Z,7,False
Hungary,HU,Large (250+),LARGE_GE250,2025,True,Lack of expertise,E_AI_BLE,55.7,62.9,-7.2,0.3877,-2.78,40.0,56.7,-16.7,-7.07,80,23,0.266,E_AI_TANY,PC_ENT,PC_ENT_AI_EC,2026-09-02T22:43:05Z,1,False
Hungary,HU,Large (250+),LARGE_GE250,2025,True,Data availability or quality,E_AI_BDDT,37.2,44.3,-7.1,0.3716,-2.63,40.0,56.7,-16.7,-7.07,80,23,0.266,E_AI_TANY,PC_ENT,PC_ENT_AI_EC,2026-09-02T22:43:05Z,2,False
Hungary,HU,Large (250+),LARGE_GE250,2025,True,Legal consequences unclear,E_AI_BLEG,50.7,38.2,12.5,-0.1717,-2.15,40.0,56.7,-16.7,-7.07,80,23,0.266,E_AI_TANY,PC_ENT,PC_ENT_AI_EC,2026-09-02T22:43:05Z,3,False
Hungary,HU,Large (250+),LARGE_GE250,2025,True,Privacy and data protection,E_AI_BCDP,64.2,41.5,22.7,-0.0912,-2.07,40.0,56.7,-16.7,-7.07,80,23,0.266,E_AI_TANY,PC_ENT,PC_ENT_AI_EC,2026-09-02T22:43:05Z,4,False
Hungary,HU,Large (250+),LARGE_GE250,2025,True,Cost too high,E_AI_BCST,43.9,45.1,-1.2,-0.4143,0.5,40.0,56.7,-16.7,-7.07,80,23,0.266,E_AI_TANY,PC_ENT,PC_ENT_AI_EC,2026-09-02T22:43:05Z,5,False
Hungary,HU,Large (250+),LARGE_GE250,2025,True,Incompatible with existing systems,E_AI_BINC,39.8,45.7,-5.9,0.0758,-0.44,40.0,56.7,-16.7,-7.07,80,23,0.266,E_AI_TANY,PC_ENT,PC_ENT_AI_EC,2026-09-02T22:43:05Z,6,False
Hungary,HU,Large (250+),LARGE_GE250,2025,True,AI not useful for us,E_AI_BNU,12.1,12.4,-0.2,0.3377,-0.08,40.0,56.7,-16.7,-7.07,80,23,0.266,E_AI_TANY,PC_ENT,PC_ENT_AI_EC,2026-09-02T22:43:05Z,7,False
Italy,IT,Large (250+),LARGE_GE250,2025,True,Cost too high,E_AI_BCST,37.1,45.1,-8.0,-0.4143,3.29,53.1,56.7,-3.6,0.27,80,23,0.266,E_AI_TANY,PC_ENT,PC_ENT_AI_EC,2026-09-02T22:43:05Z,1,False
Italy,IT,Large (250+),LARGE_GE250,2025,True,Lack of expertise,E_AI_BLE,55.8,62.9,-7.1,0.3877,-2.74,53.1,56.7,-3.6,0.27,80,23,0.266,E_AI_TANY,PC_ENT,PC_ENT_AI_EC,2026-09-02T22:43:05Z,2,False
Italy,IT,Large (250+),LARGE_GE250,2025,True,AI not useful for us,E_AI_BNU,8.0,12.4,-4.4,0.3377,-1.48,53.1,56.7,-3.6,0.27,80,23,0.266,E_AI_TANY,PC_ENT,PC_ENT_AI_EC,2026-09-02T22:43:05Z,3,False
Italy,IT,Large (250+),LARGE_GE250,2025,True,Data availability or quality,E_AI_BDDT,40.9,44.3,-3.4,0.3716,-1.26,53.1,56.7,-3.6,0.27,80,23,0.266,E_AI_TANY,PC_ENT,PC_ENT_AI_EC,2026-09-02T22:43:05Z,4,False
Italy,IT,Large (250+),LARGE_GE250,2025,True,Incompatible with existing systems,E_AI_BINC,35.3,45.7,-10.4,0.0758,-0.78,53.1,56.7,-3.6,0.27,80,23,0.266,E_AI_TANY,PC_ENT,PC_ENT_AI_EC,2026-09-02T22:43:05Z,5,False
Italy,IT,Large (250+),LARGE_GE250,2025,True,Privacy and data protection,E_AI_BCDP,47.5,41.5,6.0,-0.0912,-0.55,53.1,56.7,-3.6,0.27,80,23,0.266,E_AI_TANY,PC_ENT,PC_ENT_AI_EC,2026-09-02T22:43:05Z,6,False
Italy,IT,Large (250+),LARGE_GE250,2025,True,Legal consequences unclear,E_AI_BLEG,40.3,38.2,2.1,-0.1717,-0.36,53.1,56.7,-3.6,0.27,80,23,0.266,E_AI_TANY,PC_ENT,PC_ENT_AI_EC,2026-09-02T22:43:05Z,7,False
Latvia,LV,Large (250+),LARGE_GE250,2025,True,Lack of expertise,E_AI_BLE,53.5,62.9,-9.4,0.3877,-3.64,47.1,56.7,-9.6,-0.37,80,23,0.266,E_AI_TANY,PC_ENT,PC_ENT_AI_EC,2026-09-02T22:43:05Z,1,False
Latvia,LV,Large (250+),LARGE_GE250,2025,True,Data availability or quality,E_AI_BDDT,39.5,44.3,-4.8,0.3716,-1.77,47.1,56.7,-9.6,-0.37,80,23,0.266,E_AI_TANY,PC_ENT,PC_ENT_AI_EC,2026-09-02T22:43:05Z,2,False
Latvia,LV,Large (250+),LARGE_GE250,2025,True,Privacy and data protection,E_AI_BCDP,60.5,41.5,19.0,-0.0912,-1.73,47.1,56.7,-9.6,-0.37,80,23,0.266,E_AI_TANY,PC_ENT,PC_ENT_AI_EC,2026-09-02T22:43:05Z,3,False
Latvia,LV,Large (250+),LARGE_GE250,2025,True,Cost too high,E_AI_BCST,48.8,45.1,3.8,-0.4143,-1.56,47.1,56.7,-9.6,-0.37,80,23,0.266,E_AI_TANY,PC_ENT,PC_ENT_AI_EC,2026-09-02T22:43:05Z,4,False
Latvia,LV,Large (250+),LARGE_GE250,2025,True,Incompatible with existing systems,E_AI_BINC,39.5,45.7,-6.1,0.0758,-0.46,47.1,56.7,-9.6,-0.37,80,23,0.266,E_AI_TANY,PC_ENT,PC_ENT_AI_EC,2026-09-02T22:43:05Z,5,False
Latvia,LV,Large (250+),LARGE_GE250,2025,True,AI not useful for us,E_AI_BNU,11.6,12.4,-0.7,0.3377,-0.25,47.1,56.7,-9.6,-0.37,80,23,0.266,E_AI_TANY,PC_ENT,PC_ENT_AI_EC,2026-09-02T22:43:05Z,6,False
Latvia,LV,Large (250+),LARGE_GE250,2025,True,Legal consequences unclear,E_AI_BLEG,37.2,38.2,-1.0,-0.1717,0.17,47.1,56.7,-9.6,-0.37,80,23,0.266,E_AI_TANY,PC_ENT,PC_ENT_AI_EC,2026-09-02T22:43:05Z,7,False
Luxembourg,LU,Large (250+),LARGE_GE250,2025,True,Lack of expertise,E_AI_BLE,75.1,62.9,12.2,0.3877,4.74,58.0,56.7,1.3,5.88,80,23,0.266,E_AI_TANY,PC_ENT,PC_ENT_AI_EC,2026-09-02T22:43:05Z,1,False
Luxembourg,LU,Large (250+),LARGE_GE250,2025,True,Data availability or quality,E_AI_BDDT,32.5,44.3,-11.8,0.3716,-4.4,58.0,56.7,1.3,5.88,80,23,0.266,E_AI_TANY,PC_ENT,PC_ENT_AI_EC,2026-09-02T22:43:05Z,2,False
Luxembourg,LU,Large (250+),LARGE_GE250,2025,True,Legal consequences unclear,E_AI_BLEG,51.3,38.2,13.1,-0.1717,-2.25,58.0,56.7,1.3,5.88,80,23,0.266,E_AI_TANY,PC_ENT,PC_ENT_AI_EC,2026-09-02T22:43:05Z,3,False
Luxembourg,LU,Large (250+),LARGE_GE250,2025,True,Privacy and data protection,E_AI_BCDP,58.2,41.5,16.7,-0.0912,-1.53,58.0,56.7,1.3,5.88,80,23,0.266,E_AI_TANY,PC_ENT,PC_ENT_AI_EC,2026-09-02T22:43:05Z,4,False
Luxembourg,LU,Large (250+),LARGE_GE250,2025,True,Cost too high,E_AI_BCST,41.8,45.1,-3.3,-0.4143,1.36,58.0,56.7,1.3,5.88,80,23,0.266,E_AI_TANY,PC_ENT,PC_ENT_AI_EC,2026-09-02T22:43:05Z,5,False
Luxembourg,LU,Large (250+),LARGE_GE250,2025,True,Incompatible with existing systems,E_AI_BINC,28.4,45.7,-17.3,0.0758,-1.31,58.0,56.7,1.3,5.88,80,23,0.266,E_AI_TANY,PC_ENT,PC_ENT_AI_EC,2026-09-02T22:43:05Z,6,False
Luxembourg,LU,Large (250+),LARGE_GE250,2025,True,AI not useful for us,E_AI_BNU,8.7,12.4,-3.7,0.3377,-1.23,58.0,56.7,1.3,5.88,80,23,0.266,E_AI_TANY,PC_ENT,PC_ENT_AI_EC,2026-09-02T22:43:05Z,7,False
Malta,MT,Large (250+),LARGE_GE250,2025,True,Cost too high,E_AI_BCST,64.0,45.1,18.9,-0.4143,-7.84,51.8,56.7,-5.0,-5.61,80,23,0.266,E_AI_TANY,PC_ENT,PC_ENT_AI_EC,2026-09-02T22:43:05Z,1,False
Malta,MT,Large (250+),LARGE_GE250,2025,True,Lack of expertise,E_AI_BLE,75.2,62.9,12.3,0.3877,4.78,51.8,56.7,-5.0,-5.61,80,23,0.266,E_AI_TANY,PC_ENT,PC_ENT_AI_EC,2026-09-02T22:43:05Z,2,False
Malta,MT,Large (250+),LARGE_GE250,2025,True,Data availability or quality,E_AI_BDDT,49.6,44.3,5.3,0.3716,1.96,51.8,56.7,-5.0,-5.61,80,23,0.266,E_AI_TANY,PC_ENT,PC_ENT_AI_EC,2026-09-02T22:43:05Z,3,False
Malta,MT,Large (250+),LARGE_GE250,2025,True,Incompatible with existing systems,E_AI_BINC,58.4,45.7,12.8,0.0758,0.97,51.8,56.7,-5.0,-5.61,80,23,0.266,E_AI_TANY,PC_ENT,PC_ENT_AI_EC,2026-09-02T22:43:05Z,4,False
Malta,MT,Large (250+),LARGE_GE250,2025,True,AI not useful for us,E_AI_BNU,15.2,12.4,2.8,0.3377,0.94,51.8,56.7,-5.0,-5.61,80,23,0.266,E_AI_TANY,PC_ENT,PC_ENT_AI_EC,2026-09-02T22:43:05Z,5,False
Malta,MT,Large (250+),LARGE_GE250,2025,True,Privacy and data protection,E_AI_BCDP,50.4,41.5,9.0,-0.0912,-0.82,51.8,56.7,-5.0,-5.61,80,23,0.266,E_AI_TANY,PC_ENT,PC_ENT_AI_EC,2026-09-02T22:43:05Z,6,False
Malta,MT,Large (250+),LARGE_GE250,2025,True,Legal consequences unclear,E_AI_BLEG,34.4,38.2,-3.8,-0.1717,0.65,51.8,56.7,-5.0,-5.61,80,23,0.266,E_AI_TANY,PC_ENT,PC_ENT_AI_EC,2026-09-02T22:43:05Z,7,False
Netherlands,NL,Large (250+),LARGE_GE250,2025,True,Cost too high,E_AI_BCST,24.9,45.1,-20.2,-0.4143,8.35,67.6,56.7,10.9,5.59,80,23,0.266,E_AI_TANY,PC_ENT,PC_ENT_AI_EC,2026-09-02T22:43:05Z,1,False
Netherlands,NL,Large (250+),LARGE_GE250,2025,True,Lack of expertise,E_AI_BLE,73.0,62.9,10.1,0.3877,3.91,67.6,56.7,10.9,5.59,80,23,0.266,E_AI_TANY,PC_ENT,PC_ENT_AI_EC,2026-09-02T22:43:05Z,2,False
Netherlands,NL,Large (250+),LARGE_GE250,2025,True,Legal consequences unclear,E_AI_BLEG,50.0,38.2,11.8,-0.1717,-2.03,67.6,56.7,10.9,5.59,80,23,0.266,E_AI_TANY,PC_ENT,PC_ENT_AI_EC,2026-09-02T22:43:05Z,3,False
Netherlands,NL,Large (250+),LARGE_GE250,2025,True,Privacy and data protection,E_AI_BCDP,61.4,41.5,19.9,-0.0912,-1.82,67.6,56.7,10.9,5.59,80,23,0.266,E_AI_TANY,PC_ENT,PC_ENT_AI_EC,2026-09-02T22:43:05Z,4,False
Netherlands,NL,Large (250+),LARGE_GE250,2025,True,AI not useful for us,E_AI_BNU,8.4,12.4,-4.0,0.3377,-1.34,67.6,56.7,10.9,5.59,80,23,0.266,E_AI_TANY,PC_ENT,PC_ENT_AI_EC,2026-09-02T22:43:05Z,5,False
Netherlands,NL,Large (250+),LARGE_GE250,2025,True,Incompatible with existing systems,E_AI_BINC,32.9,45.7,-12.8,0.0758,-0.97,67.6,56.7,10.9,5.59,80,23,0.266,E_AI_TANY,PC_ENT,PC_ENT_AI_EC,2026-09-02T22:43:05Z,6,False
Netherlands,NL,Large (250+),LARGE_GE250,2025,True,Data availability or quality,E_AI_BDDT,42.2,44.3,-2.1,0.3716,-0.78,67.6,56.7,10.9,5.59,80,23,0.266,E_AI_TANY,PC_ENT,PC_ENT_AI_EC,2026-09-02T22:43:05Z,7,False
Norway,NO,Large (250+),LARGE_GE250,2025,True,Cost too high,E_AI_BCST,30.2,45.1,-14.9,-0.4143,6.18,66.0,56.7,9.3,2.26,80,23,0.266,E_AI_TANY,PC_ENT,PC_ENT_AI_EC,2026-09-02T22:43:05Z,1,False
Norway,NO,Large (250+),LARGE_GE250,2025,True,Data availability or quality,E_AI_BDDT,51.7,44.3,7.4,0.3716,2.74,66.0,56.7,9.3,2.26,80,23,0.266,E_AI_TANY,PC_ENT,PC_ENT_AI_EC,2026-09-02T22:43:05Z,2,False
Norway,NO,Large (250+),LARGE_GE250,2025,True,Lack of expertise,E_AI_BLE,68.8,62.9,5.9,0.3877,2.3,66.0,56.7,9.3,2.26,80,23,0.266,E_AI_TANY,PC_ENT,PC_ENT_AI_EC,2026-09-02T22:43:05Z,3,False
Norway,NO,Large (250+),LARGE_GE250,2025,True,Legal consequences unclear,E_AI_BLEG,45.4,38.2,7.2,-0.1717,-1.24,66.0,56.7,9.3,2.26,80,23,0.266,E_AI_TANY,PC_ENT,PC_ENT_AI_EC,2026-09-02T22:43:05Z,4,False
Norway,NO,Large (250+),LARGE_GE250,2025,True,Privacy and data protection,E_AI_BCDP,54.6,41.5,13.2,-0.0912,-1.2,66.0,56.7,9.3,2.26,80,23,0.266,E_AI_TANY,PC_ENT,PC_ENT_AI_EC,2026-09-02T22:43:05Z,5,False
Norway,NO,Large (250+),LARGE_GE250,2025,True,AI not useful for us,E_AI_BNU,9.5,12.4,-2.9,0.3377,-0.97,66.0,56.7,9.3,2.26,80,23,0.266,E_AI_TANY,PC_ENT,PC_ENT_AI_EC,2026-09-02T22:43:05Z,6,False
Norway,NO,Large (250+),LARGE_GE250,2025,True,Incompatible with existing systems,E_AI_BINC,36.0,45.7,-9.7,0.0758,-0.73,66.0,56.7,9.3,2.26,80,23,0.266,E_AI_TANY,PC_ENT,PC_ENT_AI_EC,2026-09-02T22:43:05Z,7,False
Poland,PL,Large (250+),LARGE_GE250,2025,True,Cost too high,E_AI_BCST,62.8,45.1,17.8,-0.4143,-7.36,45.8,56.7,-10.9,3.9,80,23,0.266,E_AI_TANY,PC_ENT,PC_ENT_AI_EC,2026-09-02T22:43:05Z,1,False
Poland,PL,Large (250+),LARGE_GE250,2025,True,Data availability or quality,E_AI_BDDT,32.6,44.3,-11.7,0.3716,-4.36,45.8,56.7,-10.9,3.9,80,23,0.266,E_AI_TANY,PC_ENT,PC_ENT_AI_EC,2026-09-02T22:43:05Z,2,False
Poland,PL,Large (250+),LARGE_GE250,2025,True,AI not useful for us,E_AI_BNU,21.6,12.4,9.2,0.3377,3.1,45.8,56.7,-10.9,3.9,80,23,0.266,E_AI_TANY,PC_ENT,PC_ENT_AI_EC,2026-09-02T22:43:05Z,3,False
Poland,PL,Large (250+),LARGE_GE250,2025,True,Legal consequences unclear,E_AI_BLEG,51.4,38.2,13.2,-0.1717,-2.27,45.8,56.7,-10.9,3.9,80,23,0.266,E_AI_TANY,PC_ENT,PC_ENT_AI_EC,2026-09-02T22:43:05Z,4,False
Poland,PL,Large (250+),LARGE_GE250,2025,True,Lack of expertise,E_AI_BLE,57.5,62.9,-5.4,0.3877,-2.1,45.8,56.7,-10.9,3.9,80,23,0.266,E_AI_TANY,PC_ENT,PC_ENT_AI_EC,2026-09-02T22:43:05Z,5,False
Poland,PL,Large (250+),LARGE_GE250,2025,True,Privacy and data protection,E_AI_BCDP,57.4,41.5,15.9,-0.0912,-1.45,45.8,56.7,-10.9,3.9,80,23,0.266,E_AI_TANY,PC_ENT,PC_ENT_AI_EC,2026-09-02T22:43:05Z,6,False
Poland,PL,Large (250+),LARGE_GE250,2025,True,Incompatible with existing systems,E_AI_BINC,40.8,45.7,-4.9,0.0758,-0.37,45.8,56.7,-10.9,3.9,80,23,0.266,E_AI_TANY,PC_ENT,PC_ENT_AI_EC,2026-09-02T22:43:05Z,7,False
Portugal,PT,Large (250+),LARGE_GE250,2025,True,Data availability or quality,E_AI_BDDT,53.5,44.3,9.2,0.3716,3.43,49.2,56.7,-7.6,-1.28,80,23,0.266,E_AI_TANY,PC_ENT,PC_ENT_AI_EC,2026-09-02T22:43:05Z,1,False
Portugal,PT,Large (250+),LARGE_GE250,2025,True,Cost too high,E_AI_BCST,51.8,45.1,6.8,-0.4143,-2.8,49.2,56.7,-7.6,-1.28,80,23,0.266,E_AI_TANY,PC_ENT,PC_ENT_AI_EC,2026-09-02T22:43:05Z,2,False
Portugal,PT,Large (250+),LARGE_GE250,2025,True,Legal consequences unclear,E_AI_BLEG,53.2,38.2,15.1,-0.1717,-2.58,49.2,56.7,-7.6,-1.28,80,23,0.266,E_AI_TANY,PC_ENT,PC_ENT_AI_EC,2026-09-02T22:43:05Z,3,False
Portugal,PT,Large (250+),LARGE_GE250,2025,True,AI not useful for us,E_AI_BNU,7.3,12.4,-5.1,0.3377,-1.71,49.2,56.7,-7.6,-1.28,80,23,0.266,E_AI_TANY,PC_ENT,PC_ENT_AI_EC,2026-09-02T22:43:05Z,4,False
Portugal,PT,Large (250+),LARGE_GE250,2025,True,Privacy and data protection,E_AI_BCDP,57.7,41.5,16.3,-0.0912,-1.48,49.2,56.7,-7.6,-1.28,80,23,0.266,E_AI_TANY,PC_ENT,PC_ENT_AI_EC,2026-09-02T22:43:05Z,5,False
Portugal,PT,Large (250+),LARGE_GE250,2025,True,Lack of expertise,E_AI_BLE,60.1,62.9,-2.7,0.3877,-1.07,49.2,56.7,-7.6,-1.28,80,23,0.266,E_AI_TANY,PC_ENT,PC_ENT_AI_EC,2026-09-02T22:43:05Z,6,False
Portugal,PT,Large (250+),LARGE_GE250,2025,True,Incompatible with existing systems,E_AI_BINC,45.0,45.7,-0.7,0.0758,-0.05,49.2,56.7,-7.6,-1.28,80,23,0.266,E_AI_TANY,PC_ENT,PC_ENT_AI_EC,2026-09-02T22:43:05Z,7,False
Slovakia,SK,Large (250+),LARGE_GE250,2025,True,Legal consequences unclear,E_AI_BLEG,57.4,38.2,19.2,-0.1717,-3.29,43.7,56.7,-13.0,-4.92,80,23,0.266,E_AI_TANY,PC_ENT,PC_ENT_AI_EC,2026-09-02T22:43:05Z,1,False
Slovakia,SK,Large (250+),LARGE_GE250,2025,True,Cost too high,E_AI_BCST,50.7,45.1,5.7,-0.4143,-2.34,43.7,56.7,-13.0,-4.92,80,23,0.266,E_AI_TANY,PC_ENT,PC_ENT_AI_EC,2026-09-02T22:43:05Z,2,False
Slovakia,SK,Large (250+),LARGE_GE250,2025,True,Data availability or quality,E_AI_BDDT,38.3,44.3,-6.0,0.3716,-2.24,43.7,56.7,-13.0,-4.92,80,23,0.266,E_AI_TANY,PC_ENT,PC_ENT_AI_EC,2026-09-02T22:43:05Z,3,False
Slovakia,SK,Large (250+),LARGE_GE250,2025,True,Privacy and data protection,E_AI_BCDP,56.1,41.5,14.6,-0.0912,-1.33,43.7,56.7,-13.0,-4.92,80,23,0.266,E_AI_TANY,PC_ENT,PC_ENT_AI_EC,2026-09-02T22:43:05Z,4,False
Slovakia,SK,Large (250+),LARGE_GE250,2025,True,Lack of expertise,E_AI_BLE,64.6,62.9,1.7,0.3877,0.65,43.7,56.7,-13.0,-4.92,80,23,0.266,E_AI_TANY,PC_ENT,PC_ENT_AI_EC,2026-09-02T22:43:05Z,5,False
Slovakia,SK,Large (250+),LARGE_GE250,2025,True,Incompatible with existing systems,E_AI_BINC,52.2,45.7,6.5,0.0758,0.49,43.7,56.7,-13.0,-4.92,80,23,0.266,E_AI_TANY,PC_ENT,PC_ENT_AI_EC,2026-09-02T22:43:05Z,6,False
Slovakia,SK,Large (250+),LARGE_GE250,2025,True,AI not useful for us,E_AI_BNU,12.4,12.4,0.0,0.3377,0.01,43.7,56.7,-13.0,-4.92,80,23,0.266,E_AI_TANY,PC_ENT,PC_ENT_AI_EC,2026-09-02T22:43:05Z,7,False
Slovenia,SI,Large (250+),LARGE_GE250,2025,True,Legal consequences unclear,E_AI_BLEG,57.4,38.2,19.3,-0.1717,-3.31,71.7,56.7,15.0,13.9,80,23,0.266,E_AI_TANY,PC_ENT,PC_ENT_AI_EC,2026-09-02T22:43:05Z,1,False
Slovenia,SI,Large (250+),LARGE_GE250,2025,True,Cost too high,E_AI_BCST,39.0,45.1,-6.1,-0.4143,2.51,71.7,56.7,15.0,13.9,80,23,0.266,E_AI_TANY,PC_ENT,PC_ENT_AI_EC,2026-09-02T22:43:05Z,2,False
Slovenia,SI,Large (250+),LARGE_GE250,2025,True,Data availability or quality,E_AI_BDDT,49.5,44.3,5.2,0.3716,1.93,71.7,56.7,15.0,13.9,80,23,0.266,E_AI_TANY,PC_ENT,PC_ENT_AI_EC,2026-09-02T22:43:05Z,3,False
Slovenia,SI,Large (250+),LARGE_GE250,2025,True,AI not useful for us,E_AI_BNU,17.6,12.4,5.3,0.3377,1.78,71.7,56.7,15.0,13.9,80,23,0.266,E_AI_TANY,PC_ENT,PC_ENT_AI_EC,2026-09-02T22:43:05Z,4,False
Slovenia,SI,Large (250+),LARGE_GE250,2025,True,Lack of expertise,E_AI_BLE,60.4,62.9,-2.5,0.3877,-0.96,71.7,56.7,15.0,13.9,80,23,0.266,E_AI_TANY,PC_ENT,PC_ENT_AI_EC,2026-09-02T22:43:05Z,5,False
Slovenia,SI,Large (250+),LARGE_GE250,2025,True,Privacy and data protection,E_AI_BCDP,50.8,41.5,9.3,-0.0912,-0.85,71.7,56.7,15.0,13.9,80,23,0.266,E_AI_TANY,PC_ENT,PC_ENT_AI_EC,2026-09-02T22:43:05Z,6,False
Slovenia,SI,Large (250+),LARGE_GE250,2025,True,Incompatible with existing systems,E_AI_BINC,46.0,45.7,0.3,0.0758,0.02,71.7,56.7,15.0,13.9,80,23,0.266,E_AI_TANY,PC_ENT,PC_ENT_AI_EC,2026-09-02T22:43:05Z,7,False
Spain,ES,Large (250+),LARGE_GE250,2025,True,Lack of expertise,E_AI_BLE,74.6,62.9,11.7,0.3877,4.54,57.5,56.7,0.7,-1.73,80,23,0.266,E_AI_TANY,PC_ENT,PC_ENT_AI_EC,2026-09-02T22:43:05Z,1,False
Spain,ES,Large (250+),LARGE_GE250,2025,True,Data availability or quality,E_AI_BDDT,51.8,44.3,7.4,0.3716,2.77,57.5,56.7,0.7,-1.73,80,23,0.266,E_AI_TANY,PC_ENT,PC_ENT_AI_EC,2026-09-02T22:43:05Z,2,False
Spain,ES,Large (250+),LARGE_GE250,2025,True,AI not useful for us,E_AI_BNU,7.2,12.4,-5.2,0.3377,-1.75,57.5,56.7,0.7,-1.73,80,23,0.266,E_AI_TANY,PC_ENT,PC_ENT_AI_EC,2026-09-02T22:43:05Z,3,False
Spain,ES,Large (250+),LARGE_GE250,2025,True,Legal consequences unclear,E_AI_BLEG,47.7,38.2,9.5,-0.1717,-1.63,57.5,56.7,0.7,-1.73,80,23,0.266,E_AI_TANY,PC_ENT,PC_ENT_AI_EC,2026-09-02T22:43:05Z,4,False
Spain,ES,Large (250+),LARGE_GE250,2025,True,Privacy and data protection,E_AI_BCDP,57.8,41.5,16.3,-0.0912,-1.49,57.5,56.7,0.7,-1.73,80,23,0.266,E_AI_TANY,PC_ENT,PC_ENT_AI_EC,2026-09-02T22:43:05Z,5,False
Spain,ES,Large (250+),LARGE_GE250,2025,True,Cost too high,E_AI_BCST,42.3,45.1,-2.8,-0.4143,1.14,57.5,56.7,0.7,-1.73,80,23,0.266,E_AI_TANY,PC_ENT,PC_ENT_AI_EC,2026-09-02T22:43:05Z,6,False
Spain,ES,Large (250+),LARGE_GE250,2025,True,Incompatible with existing systems,E_AI_BINC,31.2,45.7,-14.4,0.0758,-1.09,57.5,56.7,0.7,-1.73,80,23,0.266,E_AI_TANY,PC_ENT,PC_ENT_AI_EC,2026-09-02T22:43:05Z,7,False
Sweden,SE,Large (250+),LARGE_GE250,2025,True,Cost too high,E_AI_BCST,24.1,45.1,-21.0,-0.4143,8.69,71.9,56.7,15.2,3.99,80,23,0.266,E_AI_TANY,PC_ENT,PC_ENT_AI_EC,2026-09-02T22:43:05Z,1,False
Sweden,SE,Large (250+),LARGE_GE250,2025,True,Data availability or quality,E_AI_BDDT,51.8,44.3,7.5,0.3716,2.79,71.9,56.7,15.2,3.99,80,23,0.266,E_AI_TANY,PC_ENT,PC_ENT_AI_EC,2026-09-02T22:43:05Z,2,False
Sweden,SE,Large (250+),LARGE_GE250,2025,True,Lack of expertise,E_AI_BLE,69.7,62.9,6.8,0.3877,2.64,71.9,56.7,15.2,3.99,80,23,0.266,E_AI_TANY,PC_ENT,PC_ENT_AI_EC,2026-09-02T22:43:05Z,3,False
Sweden,SE,Large (250+),LARGE_GE250,2025,True,AI not useful for us,E_AI_BNU,6.3,12.4,-6.1,0.3377,-2.05,71.9,56.7,15.2,3.99,80,23,0.266,E_AI_TANY,PC_ENT,PC_ENT_AI_EC,2026-09-02T22:43:05Z,4,False
Sweden,SE,Large (250+),LARGE_GE250,2025,True,Privacy and data protection,E_AI_BCDP,52.4,41.5,11.0,-0.0912,-1.0,71.9,56.7,15.2,3.99,80,23,0.266,E_AI_TANY,PC_ENT,PC_ENT_AI_EC,2026-09-02T22:43:05Z,5,False
Sweden,SE,Large (250+),LARGE_GE250,2025,True,Legal consequences unclear,E_AI_BLEG,32.4,38.2,-5.7,-0.1717,0.99,71.9,56.7,15.2,3.99,80,23,0.266,E_AI_TANY,PC_ENT,PC_ENT_AI_EC,2026-09-02T22:43:05Z,6,False
Sweden,SE,Large (250+),LARGE_GE250,2025,True,Incompatible with existing systems,E_AI_BINC,33.9,45.7,-11.7,0.0758,-0.89,71.9,56.7,15.2,3.99,80,23,0.266,E_AI_TANY,PC_ENT,PC_ENT_AI_EC,2026-09-02T22:43:05Z,7,False
All countries (unweighted mean),ALL_MEAN,Medium (50-249),MEDIUM_50_249,2025,False,Cost too high,E_AI_BCST,40.3,46.5,-6.3,-0.4067,2.54,32.2,27.6,4.6,0.0,84,24,0.325,E_AI_TANY,PC_ENT,PC_ENT_AI_EC,2026-09-02T22:43:05Z,1,True
All countries (unweighted mean),ALL_MEAN,Medium (50-249),MEDIUM_50_249,2025,False,Privacy and data protection,E_AI_BCDP,49.9,40.4,9.6,0.1796,1.72,32.2,27.6,4.6,0.0,84,24,0.325,E_AI_TANY,PC_ENT,PC_ENT_AI_EC,2026-09-02T22:43:05Z,2,True
All countries (unweighted mean),ALL_MEAN,Medium (50-249),MEDIUM_50_249,2025,False,Lack of expertise,E_AI_BLE,67.7,64.6,3.1,0.4269,1.31,32.2,27.6,4.6,0.0,84,24,0.325,E_AI_TANY,PC_ENT,PC_ENT_AI_EC,2026-09-02T22:43:05Z,3,True
All countries (unweighted mean),ALL_MEAN,Medium (50-249),MEDIUM_50_249,2025,False,Legal consequences unclear,E_AI_BLEG,47.0,41.6,5.4,-0.1516,-0.82,32.2,27.6,4.6,0.0,84,24,0.325,E_AI_TANY,PC_ENT,PC_ENT_AI_EC,2026-09-02T22:43:05Z,4,True
All countries (unweighted mean),ALL_MEAN,Medium (50-249),MEDIUM_50_249,2025,False,Incompatible with existing systems,E_AI_BINC,42.9,47.3,-4.4,0.0707,-0.31,32.2,27.6,4.6,0.0,84,24,0.325,E_AI_TANY,PC_ENT,PC_ENT_AI_EC,2026-09-02T22:43:05Z,5,True
All countries (unweighted mean),ALL_MEAN,Medium (50-249),MEDIUM_50_249,2025,False,Data availability or quality,E_AI_BDDT,40.7,42.3,-1.6,-0.0809,0.13,32.2,27.6,4.6,0.0,84,24,0.325,E_AI_TANY,PC_ENT,PC_ENT_AI_EC,2026-09-02T22:43:05Z,6,True
All countries (unweighted mean),ALL_MEAN,Medium (50-249),MEDIUM_50_249,2025,False,AI not useful for us,E_AI_BNU,15.0,16.4,-1.4,-0.0359,0.05,32.2,27.6,4.6,0.0,84,24,0.325,E_AI_TANY,PC_ENT,PC_ENT_AI_EC,2026-09-02T22:43:05Z,7,True
Austria,AT,Medium (50-249),MEDIUM_50_249,2025,True,Cost too high,E_AI_BCST,27.4,46.5,-19.1,-0.4067,7.78,44.6,27.6,17.0,8.2,84,24,0.325,E_AI_TANY,PC_ENT,PC_ENT_AI_EC,2026-09-02T22:43:05Z,1,True
Austria,AT,Medium (50-249),MEDIUM_50_249,2025,True,Privacy and data protection,E_AI_BCDP,50.1,40.4,9.7,0.1796,1.74,44.6,27.6,17.0,8.2,84,24,0.325,E_AI_TANY,PC_ENT,PC_ENT_AI_EC,2026-09-02T22:43:05Z,2,True
Austria,AT,Medium (50-249),MEDIUM_50_249,2025,True,Legal consequences unclear,E_AI_BLEG,47.6,41.6,6.0,-0.1516,-0.91,44.6,27.6,17.0,8.2,84,24,0.325,E_AI_TANY,PC_ENT,PC_ENT_AI_EC,2026-09-02T22:43:05Z,3,True
Austria,AT,Medium (50-249),MEDIUM_50_249,2025,True,Lack of expertise,E_AI_BLE,66.4,64.6,1.9,0.4269,0.79,44.6,27.6,17.0,8.2,84,24,0.325,E_AI_TANY,PC_ENT,PC_ENT_AI_EC,2026-09-02T22:43:05Z,4,True
Austria,AT,Medium (50-249),MEDIUM_50_249,2025,True,Incompatible with existing systems,E_AI_BINC,37.5,47.3,-9.8,0.0707,-0.69,44.6,27.6,17.0,8.2,84,24,0.325,E_AI_TANY,PC_ENT,PC_ENT_AI_EC,2026-09-02T22:43:05Z,5,True
Austria,AT,Medium (50-249),MEDIUM_50_249,2025,True,Data availability or quality,E_AI_BDDT,41.0,42.3,-1.4,-0.0809,0.11,44.6,27.6,17.0,8.2,84,24,0.325,E_AI_TANY,PC_ENT,PC_ENT_AI_EC,2026-09-02T22:43:05Z,6,True
Austria,AT,Medium (50-249),MEDIUM_50_249,2025,True,AI not useful for us,E_AI_BNU,18.0,16.4,1.6,-0.0359,-0.06,44.6,27.6,17.0,8.2,84,24,0.325,E_AI_TANY,PC_ENT,PC_ENT_AI_EC,2026-09-02T22:43:05Z,7,True
Belgium,BE,Medium (50-249),MEDIUM_50_249,2025,True,Cost too high,E_AI_BCST,33.2,46.5,-13.3,-0.4067,5.41,54.5,27.6,26.9,17.52,84,24,0.325,E_AI_TANY,PC_ENT,PC_ENT_AI_EC,2026-09-02T22:43:05Z,1,True
Belgium,BE,Medium (50-249),MEDIUM_50_249,2025,True,Privacy and data protection,E_AI_BCDP,61.5,40.4,21.2,0.1796,3.8,54.5,27.6,26.9,17.52,84,24,0.325,E_AI_TANY,PC_ENT,PC_ENT_AI_EC,2026-09-02T22:43:05Z,2,True
Belgium,BE,Medium (50-249),MEDIUM_50_249,2025,True,Lack of expertise,E_AI_BLE,71.9,64.6,7.3,0.4269,3.13,54.5,27.6,26.9,17.52,84,24,0.325,E_AI_TANY,PC_ENT,PC_ENT_AI_EC,2026-09-02T22:43:05Z,3,True
Belgium,BE,Medium (50-249),MEDIUM_50_249,2025,True,Legal consequences unclear,E_AI_BLEG,57.3,41.6,15.7,-0.1516,-2.38,54.5,27.6,26.9,17.52,84,24,0.325,E_AI_TANY,PC_ENT,PC_ENT_AI_EC,2026-09-02T22:43:05Z,4,True
Belgium,BE,Medium (50-249),MEDIUM_50_249,2025,True,Incompatible with existing systems,E_AI_BINC,36.3,47.3,-11.0,0.0707,-0.78,54.5,27.6,26.9,17.52,84,24,0.325,E_AI_TANY,PC_ENT,PC_ENT_AI_EC,2026-09-02T22:43:05Z,5,True
Belgium,BE,Medium (50-249),MEDIUM_50_249,2025,True,AI not useful for us,E_AI_BNU,12.0,16.4,-4.4,-0.0359,0.16,54.5,27.6,26.9,17.52,84,24,0.325,E_AI_TANY,PC_ENT,PC_ENT_AI_EC,2026-09-02T22:43:05Z,6,True
Belgium,BE,Medium (50-249),MEDIUM_50_249,2025,True,Data availability or quality,E_AI_BDDT,41.8,42.3,-0.5,-0.0809,0.04,54.5,27.6,26.9,17.52,84,24,0.325,E_AI_TANY,PC_ENT,PC_ENT_AI_EC,2026-09-02T22:43:05Z,7,True
Bulgaria,BG,Medium (50-249),MEDIUM_50_249,2025,True,Cost too high,E_AI_BCST,50.6,46.5,4.0,-0.4067,-1.64,13.3,27.6,-14.3,-12.42,84,24,0.325,E_AI_TANY,PC_ENT,PC_ENT_AI_EC,2026-09-02T22:43:05Z,1,True
Bulgaria,BG,Medium (50-249),MEDIUM_50_249,2025,True,Lack of expertise,E_AI_BLE,61.9,64.6,-2.7,0.4269,-1.14,13.3,27.6,-14.3,-12.42,84,24,0.325,E_AI_TANY,PC_ENT,PC_ENT_AI_EC,2026-09-02T22:43:05Z,2,True
Bulgaria,BG,Medium (50-249),MEDIUM_50_249,2025,True,Privacy and data protection,E_AI_BCDP,45.5,40.4,5.2,0.1796,0.93,13.3,27.6,-14.3,-12.42,84,24,0.325,E_AI_TANY,PC_ENT,PC_ENT_AI_EC,2026-09-02T22:43:05Z,3,True
Bulgaria,BG,Medium (50-249),MEDIUM_50_249,2025,True,Legal consequences unclear,E_AI_BLEG,43.3,41.6,1.8,-0.1516,-0.27,13.3,27.6,-14.3,-12.42,84,24,0.325,E_AI_TANY,PC_ENT,PC_ENT_AI_EC,2026-09-02T22:43:05Z,4,True
Bulgaria,BG,Medium (50-249),MEDIUM_50_249,2025,True,AI not useful for us,E_AI_BNU,9.2,16.4,-7.2,-0.0359,0.26,13.3,27.6,-14.3,-12.42,84,24,0.325,E_AI_TANY,PC_ENT,PC_ENT_AI_EC,2026-09-02T22:43:05Z,5,True
Bulgaria,BG,Medium (50-249),MEDIUM_50_249,2025,True,Incompatible with existing systems,E_AI_BINC,47.0,47.3,-0.3,0.0707,-0.02,13.3,27.6,-14.3,-12.42,84,24,0.325,E_AI_TANY,PC_ENT,PC_ENT_AI_EC,2026-09-02T22:43:05Z,6,True
Bulgaria,BG,Medium (50-249),MEDIUM_50_249,2025,True,Data availability or quality,E_AI_BDDT,42.4,42.3,0.0,-0.0809,-0.0,13.3,27.6,-14.3,-12.42,84,24,0.325,E_AI_TANY,PC_ENT,PC_ENT_AI_EC,2026-09-02T22:43:05Z,7,True
Croatia,HR,Medium (50-249),MEDIUM_50_249,2025,True,Cost too high,E_AI_BCST,60.2,46.5,13.7,-0.4067,-5.58,25.5,27.6,-2.1,3.31,84,24,0.325,E_AI_TANY,PC_ENT,PC_ENT_AI_EC,2026-09-02T22:43:05Z,1,True
Croatia,HR,Medium (50-249),MEDIUM_50_249,2025,True,Legal consequences unclear,E_AI_BLEG,48.5,41.6,6.9,-0.1516,-1.05,25.5,27.6,-2.1,3.31,84,24,0.325,E_AI_TANY,PC_ENT,PC_ENT_AI_EC,2026-09-02T22:43:05Z,2,True
Croatia,HR,Medium (50-249),MEDIUM_50_249,2025,True,Data availability or quality,E_AI_BDDT,35.1,42.3,-7.3,-0.0809,0.59,25.5,27.6,-2.1,3.31,84,24,0.325,E_AI_TANY,PC_ENT,PC_ENT_AI_EC,2026-09-02T22:43:05Z,3,True
Croatia,HR,Medium (50-249),MEDIUM_50_249,2025,True,Lack of expertise,E_AI_BLE,65.8,64.6,1.2,0.4269,0.51,25.5,27.6,-2.1,3.31,84,24,0.325,E_AI_TANY,PC_ENT,PC_ENT_AI_EC,2026-09-02T22:43:05Z,4,True
Croatia,HR,Medium (50-249),MEDIUM_50_249,2025,True,Incompatible with existing systems,E_AI_BINC,53.7,47.3,6.4,0.0707,0.45,25.5,27.6,-2.1,3.31,84,24,0.325,E_AI_TANY,PC_ENT,PC_ENT_AI_EC,2026-09-02T22:43:05Z,5,True
Croatia,HR,Medium (50-249),MEDIUM_50_249,2025,True,Privacy and data protection,E_AI_BCDP,38.3,40.4,-2.1,0.1796,-0.38,25.5,27.6,-2.1,3.31,84,24,0.325,E_AI_TANY,PC_ENT,PC_ENT_AI_EC,2026-09-02T22:43:05Z,6,True
Croatia,HR,Medium (50-249),MEDIUM_50_249,2025,True,AI not useful for us,E_AI_BNU,15.1,16.4,-1.3,-0.0359,0.05,25.5,27.6,-2.1,3.31,84,24,0.325,E_AI_TANY,PC_ENT,PC_ENT_AI_EC,2026-09-02T22:43:05Z,7,True
Cyprus,CY,Medium (50-249),MEDIUM_50_249,2025,True,Legal consequences unclear,E_AI_BLEG,63.8,41.6,22.2,-0.1516,-3.37,15.3,27.6,-12.3,-14.05,84,24,0.325,E_AI_TANY,PC_ENT,PC_ENT_AI_EC,2026-09-02T22:43:05Z,1,True
Cyprus,CY,Medium (50-249),MEDIUM_50_249,2025,True,Cost too high,E_AI_BCST,39.4,46.5,-7.1,-0.4067,2.89,15.3,27.6,-12.3,-14.05,84,24,0.325,E_AI_TANY,PC_ENT,PC_ENT_AI_EC,2026-09-02T22:43:05Z,2,True
Cyprus,CY,Medium (50-249),MEDIUM_50_249,2025,True,Privacy and data protection,E_AI_BCDP,54.6,40.4,14.3,0.1796,2.56,15.3,27.6,-12.3,-14.05,84,24,0.325,E_AI_TANY,PC_ENT,PC_ENT_AI_EC,2026-09-02T22:43:05Z,3,True
Cyprus,CY,Medium (50-249),MEDIUM_50_249,2025,True,Lack of expertise,E_AI_BLE,63.7,64.6,-0.9,0.4269,-0.39,15.3,27.6,-12.3,-14.05,84,24,0.325,E_AI_TANY,PC_ENT,PC_ENT_AI_EC,2026-09-02T22:43:05Z,4,True
Cyprus,CY,Medium (50-249),MEDIUM_50_249,2025,True,Data availability or quality,E_AI_BDDT,46.5,42.3,4.2,-0.0809,-0.34,15.3,27.6,-12.3,-14.05,84,24,0.325,E_AI_TANY,PC_ENT,PC_ENT_AI_EC,2026-09-02T22:43:05Z,5,True
Cyprus,CY,Medium (50-249),MEDIUM_50_249,2025,True,AI not useful for us,E_AI_BNU,10.0,16.4,-6.4,-0.0359,0.23,15.3,27.6,-12.3,-14.05,84,24,0.325,E_AI_TANY,PC_ENT,PC_ENT_AI_EC,2026-09-02T22:43:05Z,6,True
Cyprus,CY,Medium (50-249),MEDIUM_50_249,2025,True,Incompatible with existing systems,E_AI_BINC,49.8,47.3,2.6,0.0707,0.18,15.3,27.6,-12.3,-14.05,84,24,0.325,E_AI_TANY,PC_ENT,PC_ENT_AI_EC,2026-09-02T22:43:05Z,7,True
Denmark,DK,Medium (50-249),MEDIUM_50_249,2025,True,Cost too high,E_AI_BCST,18.7,46.5,-27.8,-0.4067,11.32,58.3,27.6,30.7,11.42,84,24,0.325,E_AI_TANY,PC_ENT,PC_ENT_AI_EC,2026-09-02T22:43:05Z,1,True
Denmark,DK,Medium (50-249),MEDIUM_50_249,2025,True,Lack of expertise,E_AI_BLE,81.7,64.6,17.1,0.4269,7.31,58.3,27.6,30.7,11.42,84,24,0.325,E_AI_TANY,PC_ENT,PC_ENT_AI_EC,2026-09-02T22:43:05Z,2,True
Denmark,DK,Medium (50-249),MEDIUM_50_249,2025,True,Privacy and data protection,E_AI_BCDP,48.0,40.4,7.7,0.1796,1.38,58.3,27.6,30.7,11.42,84,24,0.325,E_AI_TANY,PC_ENT,PC_ENT_AI_EC,2026-09-02T22:43:05Z,3,True
Denmark,DK,Medium (50-249),MEDIUM_50_249,2025,True,Incompatible with existing systems,E_AI_BINC,38.0,47.3,-9.3,0.0707,-0.66,58.3,27.6,30.7,11.42,84,24,0.325,E_AI_TANY,PC_ENT,PC_ENT_AI_EC,2026-09-02T22:43:05Z,4,True
Denmark,DK,Medium (50-249),MEDIUM_50_249,2025,True,Legal consequences unclear,E_AI_BLEG,44.0,41.6,2.5,-0.1516,-0.38,58.3,27.6,30.7,11.42,84,24,0.325,E_AI_TANY,PC_ENT,PC_ENT_AI_EC,2026-09-02T22:43:05Z,5,True
Denmark,DK,Medium (50-249),MEDIUM_50_249,2025,True,Data availability or quality,E_AI_BDDT,40.6,42.3,-1.8,-0.0809,0.14,58.3,27.6,30.7,11.42,84,24,0.325,E_AI_TANY,PC_ENT,PC_ENT_AI_EC,2026-09-02T22:43:05Z,6,True
Denmark,DK,Medium (50-249),MEDIUM_50_249,2025,True,AI not useful for us,E_AI_BNU,12.7,16.4,-3.7,-0.0359,0.13,58.3,27.6,30.7,11.42,84,24,0.325,E_AI_TANY,PC_ENT,PC_ENT_AI_EC,2026-09-02T22:43:05Z,7,True
European Union - 27 countries (from 2020),EU27_2020,Medium (50-249),MEDIUM_50_249,2025,False,Cost too high,E_AI_BCST,37.3,46.5,-9.2,-0.4067,3.74,30.4,27.6,2.8,-3.57,84,24,0.325,E_AI_TANY,PC_ENT,PC_ENT_AI_EC,2026-09-02T22:43:05Z,1,True
European Union - 27 countries (from 2020),EU27_2020,Medium (50-249),MEDIUM_50_249,2025,False,Privacy and data protection,E_AI_BCDP,52.3,40.4,12.0,0.1796,2.15,30.4,27.6,2.8,-3.57,84,24,0.325,E_AI_TANY,PC_ENT,PC_ENT_AI_EC,2026-09-02T22:43:05Z,2,True
European Union - 27 countries (from 2020),EU27_2020,Medium (50-249),MEDIUM_50_249,2025,False,Lack of expertise,E_AI_BLE,69.2,64.6,4.6,0.4269,1.96,30.4,27.6,2.8,-3.57,84,24,0.325,E_AI_TANY,PC_ENT,PC_ENT_AI_EC,2026-09-02T22:43:05Z,3,True
European Union - 27 countries (from 2020),EU27_2020,Medium (50-249),MEDIUM_50_249,2025,False,Legal consequences unclear,E_AI_BLEG,49.4,41.6,7.9,-0.1516,-1.19,30.4,27.6,2.8,-3.57,84,24,0.325,E_AI_TANY,PC_ENT,PC_ENT_AI_EC,2026-09-02T22:43:05Z,4,True
European Union - 27 countries (from 2020),EU27_2020,Medium (50-249),MEDIUM_50_249,2025,False,Incompatible with existing systems,E_AI_BINC,42.0,47.3,-5.3,0.0707,-0.38,30.4,27.6,2.8,-3.57,84,24,0.325,E_AI_TANY,PC_ENT,PC_ENT_AI_EC,2026-09-02T22:43:05Z,5,True
European Union - 27 countries (from 2020),EU27_2020,Medium (50-249),MEDIUM_50_249,2025,False,AI not useful for us,E_AI_BNU,13.8,16.4,-2.6,-0.0359,0.09,30.4,27.6,2.8,-3.57,84,24,0.325,E_AI_TANY,PC_ENT,PC_ENT_AI_EC,2026-09-02T22:43:05Z,6,True
European Union - 27 countries (from 2020),EU27_2020,Medium (50-249),MEDIUM_50_249,2025,False,Data availability or quality,E_AI_BDDT,42.8,42.3,0.5,-0.0809,-0.04,30.4,27.6,2.8,-3.57,84,24,0.325,E_AI_TANY,PC_ENT,PC_ENT_AI_EC,2026-09-02T22:43:05Z,7,True
Finland,FI,Medium (50-249),MEDIUM_50_249,2025,True,Cost too high,E_AI_BCST,28.0,46.5,-18.5,-0.4067,7.51,51.4,27.6,23.8,15.0,84,24,0.325,E_AI_TANY,PC_ENT,PC_ENT_AI_EC,2026-09-02T22:43:05Z,1,True
Finland,FI,Medium (50-249),MEDIUM_50_249,2025,True,Privacy and data protection,E_AI_BCDP,50.8,40.4,10.5,0.1796,1.88,51.4,27.6,23.8,15.0,84,24,0.325,E_AI_TANY,PC_ENT,PC_ENT_AI_EC,2026-09-02T22:43:05Z,2,True
Finland,FI,Medium (50-249),MEDIUM_50_249,2025,True,Lack of expertise,E_AI_BLE,62.4,64.6,-2.2,0.4269,-0.95,51.4,27.6,23.8,15.0,84,24,0.325,E_AI_TANY,PC_ENT,PC_ENT_AI_EC,2026-09-02T22:43:05Z,3,True
Finland,FI,Medium (50-249),MEDIUM_50_249,2025,True,Incompatible with existing systems,E_AI_BINC,52.7,47.3,5.4,0.0707,0.38,51.4,27.6,23.8,15.0,84,24,0.325,E_AI_TANY,PC_ENT,PC_ENT_AI_EC,2026-09-02T22:43:05Z,4,True
Finland,FI,Medium (50-249),MEDIUM_50_249,2025,True,Data availability or quality,E_AI_BDDT,45.9,42.3,3.6,-0.0809,-0.29,51.4,27.6,23.8,15.0,84,24,0.325,E_AI_TANY,PC_ENT,PC_ENT_AI_EC,2026-09-02T22:43:05Z,5,True
Finland,FI,Medium (50-249),MEDIUM_50_249,2025,True,AI not useful for us,E_AI_BNU,12.8,16.4,-3.6,-0.0359,0.13,51.4,27.6,23.8,15.0,84,24,0.325,E_AI_TANY,PC_ENT,PC_ENT_AI_EC,2026-09-02T22:43:05Z,6,True
Finland,FI,Medium (50-249),MEDIUM_50_249,2025,True,Legal consequences unclear,E_AI_BLEG,40.9,41.6,-0.7,-0.1516,0.1,51.4,27.6,23.8,15.0,84,24,0.325,E_AI_TANY,PC_ENT,PC_ENT_AI_EC,2026-09-02T22:43:05Z,7,True
Germany,DE,Medium (50-249),MEDIUM_50_249,2025,True,Cost too high,E_AI_BCST,32.2,46.5,-14.4,-0.4067,5.84,35.6,27.6,8.0,-1.97,84,24,0.325,E_AI_TANY,PC_ENT,PC_ENT_AI_EC,2026-09-02T22:43:05Z,1,True
Germany,DE,Medium (50-249),MEDIUM_50_249,2025,True,Privacy and data protection,E_AI_BCDP,59.5,40.4,19.1,0.1796,3.44,35.6,27.6,8.0,-1.97,84,24,0.325,E_AI_TANY,PC_ENT,PC_ENT_AI_EC,2026-09-02T22:43:05Z,2,True
Germany,DE,Medium (50-249),MEDIUM_50_249,2025,True,Lack of expertise,E_AI_BLE,71.7,64.6,7.1,0.4269,3.02,35.6,27.6,8.0,-1.97,84,24,0.325,E_AI_TANY,PC_ENT,PC_ENT_AI_EC,2026-09-02T22:43:05Z,3,True
Germany,DE,Medium (50-249),MEDIUM_50_249,2025,True,Legal consequences unclear,E_AI_BLEG,56.0,41.6,14.4,-0.1516,-2.19,35.6,27.6,8.0,-1.97,84,24,0.325,E_AI_TANY,PC_ENT,PC_ENT_AI_EC,2026-09-02T22:43:05Z,4,True
Germany,DE,Medium (50-249),MEDIUM_50_249,2025,True,Data availability or quality,E_AI_BDDT,44.7,42.3,2.4,-0.0809,-0.19,35.6,27.6,8.0,-1.97,84,24,0.325,E_AI_TANY,PC_ENT,PC_ENT_AI_EC,2026-09-02T22:43:05Z,5,True
Germany,DE,Medium (50-249),MEDIUM_50_249,2025,True,AI not useful for us,E_AI_BNU,13.9,16.4,-2.5,-0.0359,0.09,35.6,27.6,8.0,-1.97,84,24,0.325,E_AI_TANY,PC_ENT,PC_ENT_AI_EC,2026-09-02T22:43:05Z,6,True
Germany,DE,Medium (50-249),MEDIUM_50_249,2025,True,Incompatible with existing systems,E_AI_BINC,46.2,47.3,-1.1,0.0707,-0.08,35.6,27.6,8.0,-1.97,84,24,0.325,E_AI_TANY,PC_ENT,PC_ENT_AI_EC,2026-09-02T22:43:05Z,7,True
Greece,EL,Medium (50-249),MEDIUM_50_249,2025,True,Cost too high,E_AI_BCST,55.6,46.5,9.0,-0.4067,-3.68,15.2,27.6,-12.4,-12.13,84,24,0.325,E_AI_TANY,PC_ENT,PC_ENT_AI_EC,2026-09-02T22:43:05Z,1,True
Greece,EL,Medium (50-249),MEDIUM_50_249,2025,True,Lack of expertise,E_AI_BLE,69.2,64.6,4.6,0.4269,1.97,15.2,27.6,-12.4,-12.13,84,24,0.325,E_AI_TANY,PC_ENT,PC_ENT_AI_EC,2026-09-02T22:43:05Z,2,True
Greece,EL,Medium (50-249),MEDIUM_50_249,2025,True,Privacy and data protection,E_AI_BCDP,34.1,40.4,-6.2,0.1796,-1.12,15.2,27.6,-12.4,-12.13,84,24,0.325,E_AI_TANY,PC_ENT,PC_ENT_AI_EC,2026-09-02T22:43:05Z,3,True
Greece,EL,Medium (50-249),MEDIUM_50_249,2025,True,Legal consequences unclear,E_AI_BLEG,34.4,41.6,-7.2,-0.1516,1.09,15.2,27.6,-12.4,-12.13,84,24,0.325,E_AI_TANY,PC_ENT,PC_ENT_AI_EC,2026-09-02T22:43:05Z,4,True
Greece,EL,Medium (50-249),MEDIUM_50_249,2025,True,Data availability or quality,E_AI_BDDT,32.5,42.3,-9.8,-0.0809,0.79,15.2,27.6,-12.4,-12.13,84,24,0.325,E_AI_TANY,PC_ENT,PC_ENT_AI_EC,2026-09-02T22:43:05Z,5,True
Greece,EL,Medium (50-249),MEDIUM_50_249,2025,True,Incompatible with existing systems,E_AI_BINC,53.8,47.3,6.5,0.0707,0.46,15.2,27.6,-12.4,-12.13,84,24,0.325,E_AI_TANY,PC_ENT,PC_ENT_AI_EC,2026-09-02T22:43:05Z,6,True
Greece,EL,Medium (50-249),MEDIUM_50_249,2025,True,AI not useful for us,E_AI_BNU,10.8,16.4,-5.7,-0.0359,0.2,15.2,27.6,-12.4,-12.13,84,24,0.325,E_AI_TANY,PC_ENT,PC_ENT_AI_EC,2026-09-02T22:43:05Z,7,True
Hungary,HU,Medium (50-249),MEDIUM_50_249,2025,True,Cost too high,E_AI_BCST,55.0,46.5,8.5,-0.4067,-3.45,15.3,27.6,-12.3,-13.6,84,24,0.325,E_AI_TANY,PC_ENT,PC_ENT_AI_EC,2026-09-02T22:43:05Z,1,True
Hungary,HU,Medium (50-249),MEDIUM_50_249,2025,True,Lack of expertise,E_AI_BLE,71.6,64.6,7.0,0.4269,3.0,15.3,27.6,-12.3,-13.6,84,24,0.325,E_AI_TANY,PC_ENT,PC_ENT_AI_EC,2026-09-02T22:43:05Z,2,True
Hungary,HU,Medium (50-249),MEDIUM_50_249,2025,True,Privacy and data protection,E_AI_BCDP,52.6,40.4,12.2,0.1796,2.19,15.3,27.6,-12.3,-13.6,84,24,0.325,E_AI_TANY,PC_ENT,PC_ENT_AI_EC,2026-09-02T22:43:05Z,3,True
Hungary,HU,Medium (50-249),MEDIUM_50_249,2025,True,Incompatible with existing systems,E_AI_BINC,34.6,47.3,-12.7,0.0707,-0.89,15.3,27.6,-12.3,-13.6,84,24,0.325,E_AI_TANY,PC_ENT,PC_ENT_AI_EC,2026-09-02T22:43:05Z,4,True
Hungary,HU,Medium (50-249),MEDIUM_50_249,2025,True,Data availability or quality,E_AI_BDDT,33.7,42.3,-8.6,-0.0809,0.7,15.3,27.6,-12.3,-13.6,84,24,0.325,E_AI_TANY,PC_ENT,PC_ENT_AI_EC,2026-09-02T22:43:05Z,5,True
Hungary,HU,Medium (50-249),MEDIUM_50_249,2025,True,Legal consequences unclear,E_AI_BLEG,42.9,41.6,1.3,-0.1516,-0.2,15.3,27.6,-12.3,-13.6,84,24,0.325,E_AI_TANY,PC_ENT,PC_ENT_AI_EC,2026-09-02T22:43:05Z,6,True
Hungary,HU,Medium (50-249),MEDIUM_50_249,2025,True,AI not useful for us,E_AI_BNU,16.3,16.4,-0.1,-0.0359,0.0,15.3,27.6,-12.3,-13.6,84,24,0.325,E_AI_TANY,PC_ENT,PC_ENT_AI_EC,2026-09-02T22:43:05Z,7,True
Italy,IT,Medium (50-249),MEDIUM_50_249,2025,True,Cost too high,E_AI_BCST,34.8,46.5,-11.7,-0.4067,4.75,27.6,27.6,0.0,-1.15,84,24,0.325,E_AI_TANY,PC_ENT,PC_ENT_AI_EC,2026-09-02T22:43:05Z,1,True
Italy,IT,Medium (50-249),MEDIUM_50_249,2025,True,Lack of expertise,E_AI_BLE,56.9,64.6,-7.7,0.4269,-3.28,27.6,27.6,0.0,-1.15,84,24,0.325,E_AI_TANY,PC_ENT,PC_ENT_AI_EC,2026-09-02T22:43:05Z,2,True
Italy,IT,Medium (50-249),MEDIUM_50_249,2025,True,Incompatible with existing systems,E_AI_BINC,32.9,47.3,-14.4,0.0707,-1.02,27.6,27.6,0.0,-1.15,84,24,0.325,E_AI_TANY,PC_ENT,PC_ENT_AI_EC,2026-09-02T22:43:05Z,3,True
Italy,IT,Medium (50-249),MEDIUM_50_249,2025,True,Data availability or quality,E_AI_BDDT,39.2,42.3,-3.2,-0.0809,0.26,27.6,27.6,0.0,-1.15,84,24,0.325,E_AI_TANY,PC_ENT,PC_ENT_AI_EC,2026-09-02T22:43:05Z,4,True
Italy,IT,Medium (50-249),MEDIUM_50_249,2025,True,Privacy and data protection,E_AI_BCDP,41.7,40.4,1.4,0.1796,0.24,27.6,27.6,0.0,-1.15,84,24,0.325,E_AI_TANY,PC_ENT,PC_ENT_AI_EC,2026-09-02T22:43:05Z,5,True
Italy,IT,Medium (50-249),MEDIUM_50_249,2025,True,AI not useful for us,E_AI_BNU,11.3,16.4,-5.1,-0.0359,0.18,27.6,27.6,0.0,-1.15,84,24,0.325,E_AI_TANY,PC_ENT,PC_ENT_AI_EC,2026-09-02T22:43:05Z,6,True
Italy,IT,Medium (50-249),MEDIUM_50_249,2025,True,Legal consequences unclear,E_AI_BLEG,41.3,41.6,-0.2,-0.1516,0.03,27.6,27.6,0.0,-1.15,84,24,0.325,E_AI_TANY,PC_ENT,PC_ENT_AI_EC,2026-09-02T22:43:05Z,7,True
Latvia,LV,Medium (50-249),MEDIUM_50_249,2025,True,Privacy and data protection,E_AI_BCDP,67.9,40.4,27.5,0.1796,4.94,19.8,27.6,-7.8,-9.18,84,24,0.325,E_AI_TANY,PC_ENT,PC_ENT_AI_EC,2026-09-02T22:43:05Z,1,True
Latvia,LV,Medium (50-249),MEDIUM_50_249,2025,True,Legal consequences unclear,E_AI_BLEG,56.4,41.6,14.9,-0.1516,-2.25,19.8,27.6,-7.8,-9.18,84,24,0.325,E_AI_TANY,PC_ENT,PC_ENT_AI_EC,2026-09-02T22:43:05Z,2,True
Latvia,LV,Medium (50-249),MEDIUM_50_249,2025,True,Cost too high,E_AI_BCST,42.0,46.5,-4.5,-0.4067,1.82,19.8,27.6,-7.8,-9.18,84,24,0.325,E_AI_TANY,PC_ENT,PC_ENT_AI_EC,2026-09-02T22:43:05Z,3,True
Latvia,LV,Medium (50-249),MEDIUM_50_249,2025,True,Lack of expertise,E_AI_BLE,60.6,64.6,-4.0,0.4269,-1.7,19.8,27.6,-7.8,-9.18,84,24,0.325,E_AI_TANY,PC_ENT,PC_ENT_AI_EC,2026-09-02T22:43:05Z,4,True
Latvia,LV,Medium (50-249),MEDIUM_50_249,2025,True,AI not useful for us,E_AI_BNU,39.9,16.4,23.5,-0.0359,-0.84,19.8,27.6,-7.8,-9.18,84,24,0.325,E_AI_TANY,PC_ENT,PC_ENT_AI_EC,2026-09-02T22:43:05Z,5,True
Latvia,LV,Medium (50-249),MEDIUM_50_249,2025,True,Incompatible with existing systems,E_AI_BINC,40.6,47.3,-6.7,0.0707,-0.47,19.8,27.6,-7.8,-9.18,84,24,0.325,E_AI_TANY,PC_ENT,PC_ENT_AI_EC,2026-09-02T22:43:05Z,6,True
Latvia,LV,Medium (50-249),MEDIUM_50_249,2025,True,Data availability or quality,E_AI_BDDT,44.0,42.3,1.6,-0.0809,-0.13,19.8,27.6,-7.8,-9.18,84,24,0.325,E_AI_TANY,PC_ENT,PC_ENT_AI_EC,2026-09-02T22:43:05Z,7,True
Luxembourg,LU,Medium (50-249),MEDIUM_50_249,2025,True,Cost too high,E_AI_BCST,38.4,46.5,-8.2,-0.4067,3.33,43.7,27.6,16.1,8.94,84,24,0.325,E_AI_TANY,PC_ENT,PC_ENT_AI_EC,2026-09-02T22:43:05Z,1,True
Luxembourg,LU,Medium (50-249),MEDIUM_50_249,2025,True,Privacy and data protection,E_AI_BCDP,58.9,40.4,18.6,0.1796,3.33,43.7,27.6,16.1,8.94,84,24,0.325,E_AI_TANY,PC_ENT,PC_ENT_AI_EC,2026-09-02T22:43:05Z,2,True
Luxembourg,LU,Medium (50-249),MEDIUM_50_249,2025,True,Legal consequences unclear,E_AI_BLEG,52.1,41.6,10.5,-0.1516,-1.6,43.7,27.6,16.1,8.94,84,24,0.325,E_AI_TANY,PC_ENT,PC_ENT_AI_EC,2026-09-02T22:43:05Z,3,True
Luxembourg,LU,Medium (50-249),MEDIUM_50_249,2025,True,Lack of expertise,E_AI_BLE,67.5,64.6,2.9,0.4269,1.26,43.7,27.6,16.1,8.94,84,24,0.325,E_AI_TANY,PC_ENT,PC_ENT_AI_EC,2026-09-02T22:43:05Z,4,True
Luxembourg,LU,Medium (50-249),MEDIUM_50_249,2025,True,Data availability or quality,E_AI_BDDT,34.2,42.3,-8.1,-0.0809,0.66,43.7,27.6,16.1,8.94,84,24,0.325,E_AI_TANY,PC_ENT,PC_ENT_AI_EC,2026-09-02T22:43:05Z,5,True
Luxembourg,LU,Medium (50-249),MEDIUM_50_249,2025,True,AI not useful for us,E_AI_BNU,10.6,16.4,-5.9,-0.0359,0.21,43.7,27.6,16.1,8.94,84,24,0.325,E_AI_TANY,PC_ENT,PC_ENT_AI_EC,2026-09-02T22:43:05Z,6,True
Luxembourg,LU,Medium (50-249),MEDIUM_50_249,2025,True,Incompatible with existing systems,E_AI_BINC,46.7,47.3,-0.6,0.0707,-0.04,43.7,27.6,16.1,8.94,84,24,0.325,E_AI_TANY,PC_ENT,PC_ENT_AI_EC,2026-09-02T22:43:05Z,7,True
Malta,MT,Medium (50-249),MEDIUM_50_249,2025,True,Lack of expertise,E_AI_BLE,58.3,64.6,-6.3,0.4269,-2.7,30.7,27.6,3.1,3.35,84,24,0.325,E_AI_TANY,PC_ENT,PC_ENT_AI_EC,2026-09-02T22:43:05Z,1,True
Malta,MT,Medium (50-249),MEDIUM_50_249,2025,True,Privacy and data protection,E_AI_BCDP,27.6,40.4,-12.7,0.1796,-2.28,30.7,27.6,3.1,3.35,84,24,0.325,E_AI_TANY,PC_ENT,PC_ENT_AI_EC,2026-09-02T22:43:05Z,2,True
Malta,MT,Medium (50-249),MEDIUM_50_249,2025,True,Legal consequences unclear,E_AI_BLEG,28.1,41.6,-13.5,-0.1516,2.04,30.7,27.6,3.1,3.35,84,24,0.325,E_AI_TANY,PC_ENT,PC_ENT_AI_EC,2026-09-02T22:43:05Z,3,True
Malta,MT,Medium (50-249),MEDIUM_50_249,2025,True,Cost too high,E_AI_BCST,42.2,46.5,-4.4,-0.4067,1.78,30.7,27.6,3.1,3.35,84,24,0.325,E_AI_TANY,PC_ENT,PC_ENT_AI_EC,2026-09-02T22:43:05Z,4,True
Malta,MT,Medium (50-249),MEDIUM_50_249,2025,True,Data availability or quality,E_AI_BDDT,30.6,42.3,-11.7,-0.0809,0.95,30.7,27.6,3.1,3.35,84,24,0.325,E_AI_TANY,PC_ENT,PC_ENT_AI_EC,2026-09-02T22:43:05Z,5,True
Malta,MT,Medium (50-249),MEDIUM_50_249,2025,True,Incompatible with existing systems,E_AI_BINC,44.7,47.3,-2.6,0.0707,-0.19,30.7,27.6,3.1,3.35,84,24,0.325,E_AI_TANY,PC_ENT,PC_ENT_AI_EC,2026-09-02T22:43:05Z,6,True
Malta,MT,Medium (50-249),MEDIUM_50_249,2025,True,AI not useful for us,E_AI_BNU,13.4,16.4,-3.0,-0.0359,0.11,30.7,27.6,3.1,3.35,84,24,0.325,E_AI_TANY,PC_ENT,PC_ENT_AI_EC,2026-09-02T22:43:05Z,7,True
Netherlands,NL,Medium (50-249),MEDIUM_50_249,2025,True,Cost too high,E_AI_BCST,19.5,46.5,-27.0,-0.4067,10.98,46.6,27.6,19.0,1.55,84,24,0.325,E_AI_TANY,PC_ENT,PC_ENT_AI_EC,2026-09-02T22:43:05Z,1,True
Netherlands,NL,Medium (50-249),MEDIUM_50_249,2025,True,Lack of expertise,E_AI_BLE,76.1,64.6,11.5,0.4269,4.9,46.6,27.6,19.0,1.55,84,24,0.325,E_AI_TANY,PC_ENT,PC_ENT_AI_EC,2026-09-02T22:43:05Z,2,True
Netherlands,NL,Medium (50-249),MEDIUM_50_249,2025,True,Privacy and data protection,E_AI_BCDP,51.5,40.4,11.1,0.1796,2.0,46.6,27.6,19.0,1.55,84,24,0.325,E_AI_TANY,PC_ENT,PC_ENT_AI_EC,2026-09-02T22:43:05Z,3,True
Netherlands,NL,Medium (50-249),MEDIUM_50_249,2025,True,Incompatible with existing systems,E_AI_BINC,39.8,47.3,-7.5,0.0707,-0.53,46.6,27.6,19.0,1.55,84,24,0.325,E_AI_TANY,PC_ENT,PC_ENT_AI_EC,2026-09-02T22:43:05Z,4,True
Netherlands,NL,Medium (50-249),MEDIUM_50_249,2025,True,AI not useful for us,E_AI_BNU,9.1,16.4,-7.3,-0.0359,0.26,46.6,27.6,19.0,1.55,84,24,0.325,E_AI_TANY,PC_ENT,PC_ENT_AI_EC,2026-09-02T22:43:05Z,5,True
Netherlands,NL,Medium (50-249),MEDIUM_50_249,2025,True,Data availability or quality,E_AI_BDDT,44.1,42.3,1.7,-0.0809,-0.14,46.6,27.6,19.0,1.55,84,24,0.325,E_AI_TANY,PC_ENT,PC_ENT_AI_EC,2026-09-02T22:43:05Z,6,True
Netherlands,NL,Medium (50-249),MEDIUM_50_249,2025,True,Legal consequences unclear,E_AI_BLEG,41.5,41.6,-0.1,-0.1516,0.01,46.6,27.6,19.0,1.55,84,24,0.325,E_AI_TANY,PC_ENT,PC_ENT_AI_EC,2026-09-02T22:43:05Z,7,True
Norway,NO,Medium (50-249),MEDIUM_50_249,2025,True,Cost too high,E_AI_BCST,27.4,46.5,-19.1,-0.4067,7.77,45.3,27.6,17.7,4.53,84,24,0.325,E_AI_TANY,PC_ENT,PC_ENT_AI_EC,2026-09-02T22:43:05Z,1,True
Norway,NO,Medium (50-249),MEDIUM_50_249,2025,True,Lack of expertise,E_AI_BLE,75.6,64.6,11.0,0.4269,4.71,45.3,27.6,17.7,4.53,84,24,0.325,E_AI_TANY,PC_ENT,PC_ENT_AI_EC,2026-09-02T22:43:05Z,2,True
Norway,NO,Medium (50-249),MEDIUM_50_249,2025,True,Privacy and data protection,E_AI_BCDP,48.7,40.4,8.4,0.1796,1.5,45.3,27.6,17.7,4.53,84,24,0.325,E_AI_TANY,PC_ENT,PC_ENT_AI_EC,2026-09-02T22:43:05Z,3,True
Norway,NO,Medium (50-249),MEDIUM_50_249,2025,True,Incompatible with existing systems,E_AI_BINC,35.7,47.3,-11.6,0.0707,-0.82,45.3,27.6,17.7,4.53,84,24,0.325,E_AI_TANY,PC_ENT,PC_ENT_AI_EC,2026-09-02T22:43:05Z,4,True
Norway,NO,Medium (50-249),MEDIUM_50_249,2025,True,AI not useful for us,E_AI_BNU,8.7,16.4,-7.7,-0.0359,0.28,45.3,27.6,17.7,4.53,84,24,0.325,E_AI_TANY,PC_ENT,PC_ENT_AI_EC,2026-09-02T22:43:05Z,5,True
Norway,NO,Medium (50-249),MEDIUM_50_249,2025,True,Legal consequences unclear,E_AI_BLEG,43.1,41.6,1.6,-0.1516,-0.24,45.3,27.6,17.7,4.53,84,24,0.325,E_AI_TANY,PC_ENT,PC_ENT_AI_EC,2026-09-02T22:43:05Z,6,True
Norway,NO,Medium (50-249),MEDIUM_50_249,2025,True,Data availability or quality,E_AI_BDDT,42.2,42.3,-0.1,-0.0809,0.01,45.3,27.6,17.7,4.53,84,24,0.325,E_AI_TANY,PC_ENT,PC_ENT_AI_EC,2026-09-02T22:43:05Z,7,True
Poland,PL,Medium (50-249),MEDIUM_50_249,2025,True,Cost too high,E_AI_BCST,61.9,46.5,15.4,-0.4067,-6.25,14.8,27.6,-12.8,-5.59,84,24,0.325,E_AI_TANY,PC_ENT,PC_ENT_AI_EC,2026-09-02T22:43:05Z,1,True
Poland,PL,Medium (50-249),MEDIUM_50_249,2025,True,Privacy and data protection,E_AI_BCDP,50.2,40.4,9.8,0.1796,1.76,14.8,27.6,-12.8,-5.59,84,24,0.325,E_AI_TANY,PC_ENT,PC_ENT_AI_EC,2026-09-02T22:43:05Z,2,True
Poland,PL,Medium (50-249),MEDIUM_50_249,2025,True,Legal consequences unclear,E_AI_BLEG,50.8,41.6,9.3,-0.1516,-1.41,14.8,27.6,-12.8,-5.59,84,24,0.325,E_AI_TANY,PC_ENT,PC_ENT_AI_EC,2026-09-02T22:43:05Z,3,True
Poland,PL,Medium (50-249),MEDIUM_50_249,2025,True,Lack of expertise,E_AI_BLE,61.5,64.6,-3.1,0.4269,-1.3,14.8,27.6,-12.8,-5.59,84,24,0.325,E_AI_TANY,PC_ENT,PC_ENT_AI_EC,2026-09-02T22:43:05Z,4,True
Poland,PL,Medium (50-249),MEDIUM_50_249,2025,True,Data availability or quality,E_AI_BDDT,34.6,42.3,-7.7,-0.0809,0.62,14.8,27.6,-12.8,-5.59,84,24,0.325,E_AI_TANY,PC_ENT,PC_ENT_AI_EC,2026-09-02T22:43:05Z,5,True
Poland,PL,Medium (50-249),MEDIUM_50_249,2025,True,AI not useful for us,E_AI_BNU,30.6,16.4,14.2,-0.0359,-0.51,14.8,27.6,-12.8,-5.59,84,24,0.325,E_AI_TANY,PC_ENT,PC_ENT_AI_EC,2026-09-02T22:43:05Z,6,True
Poland,PL,Medium (50-249),MEDIUM_50_249,2025,True,Incompatible with existing systems,E_AI_BINC,45.2,47.3,-2.1,0.0707,-0.15,14.8,27.6,-12.8,-5.59,84,24,0.325,E_AI_TANY,PC_ENT,PC_ENT_AI_EC,2026-09-02T22:43:05Z,7,True
Portugal,PT,Medium (50-249),MEDIUM_50_249,2025,True,Cost too high,E_AI_BCST,55.3,46.5,8.8,-0.4067,-3.57,18.2,27.6,-9.4,-5.97,84,24,0.325,E_AI_TANY,PC_ENT,PC_ENT_AI_EC,2026-09-02T22:43:05Z,1,True
Portugal,PT,Medium (50-249),MEDIUM_50_249,2025,True,Privacy and data protection,E_AI_BCDP,57.5,40.4,17.1,0.1796,3.07,18.2,27.6,-9.4,-5.97,84,24,0.325,E_AI_TANY,PC_ENT,PC_ENT_AI_EC,2026-09-02T22:43:05Z,2,True
Portugal,PT,Medium (50-249),MEDIUM_50_249,2025,True,Legal consequences unclear,E_AI_BLEG,56.6,41.6,15.0,-0.1516,-2.28,18.2,27.6,-9.4,-5.97,84,24,0.325,E_AI_TANY,PC_ENT,PC_ENT_AI_EC,2026-09-02T22:43:05Z,3,True
Portugal,PT,Medium (50-249),MEDIUM_50_249,2025,True,Data availability or quality,E_AI_BDDT,48.1,42.3,5.8,-0.0809,-0.47,18.2,27.6,-9.4,-5.97,84,24,0.325,E_AI_TANY,PC_ENT,PC_ENT_AI_EC,2026-09-02T22:43:05Z,4,True
Portugal,PT,Medium (50-249),MEDIUM_50_249,2025,True,Lack of expertise,E_AI_BLE,63.6,64.6,-1.0,0.4269,-0.44,18.2,27.6,-9.4,-5.97,84,24,0.325,E_AI_TANY,PC_ENT,PC_ENT_AI_EC,2026-09-02T22:43:05Z,5,True
Portugal,PT,Medium (50-249),MEDIUM_50_249,2025,True,Incompatible with existing systems,E_AI_BINC,49.7,47.3,2.4,0.0707,0.17,18.2,27.6,-9.4,-5.97,84,24,0.325,E_AI_TANY,PC_ENT,PC_ENT_AI_EC,2026-09-02T22:43:05Z,6,True
Portugal,PT,Medium (50-249),MEDIUM_50_249,2025,True,AI not useful for us,E_AI_BNU,13.8,16.4,-2.6,-0.0359,0.09,18.2,27.6,-9.4,-5.97,84,24,0.325,E_AI_TANY,PC_ENT,PC_ENT_AI_EC,2026-09-02T22:43:05Z,7,True
Slovakia,SK,Medium (50-249),MEDIUM_50_249,2025,True,Cost too high,E_AI_BCST,32.6,46.5,-14.0,-0.4067,5.68,23.0,27.6,-4.5,-9.4,84,24,0.325,E_AI_TANY,PC_ENT,PC_ENT_AI_EC,2026-09-02T22:43:05Z,1,True
Slovakia,SK,Medium (50-249),MEDIUM_50_249,2025,True,Lack of expertise,E_AI_BLE,58.3,64.6,-6.3,0.4269,-2.7,23.0,27.6,-4.5,-9.4,84,24,0.325,E_AI_TANY,PC_ENT,PC_ENT_AI_EC,2026-09-02T22:43:05Z,2,True
Slovakia,SK,Medium (50-249),MEDIUM_50_249,2025,True,Privacy and data protection,E_AI_BCDP,47.6,40.4,7.2,0.1796,1.3,23.0,27.6,-4.5,-9.4,84,24,0.325,E_AI_TANY,PC_ENT,PC_ENT_AI_EC,2026-09-02T22:43:05Z,3,True
Slovakia,SK,Medium (50-249),MEDIUM_50_249,2025,True,Data availability or quality,E_AI_BDDT,37.6,42.3,-4.8,-0.0809,0.38,23.0,27.6,-4.5,-9.4,84,24,0.325,E_AI_TANY,PC_ENT,PC_ENT_AI_EC,2026-09-02T22:43:05Z,4,True
Slovakia,SK,Medium (50-249),MEDIUM_50_249,2025,True,Incompatible with existing systems,E_AI_BINC,43.2,47.3,-4.1,0.0707,-0.29,23.0,27.6,-4.5,-9.4,84,24,0.325,E_AI_TANY,PC_ENT,PC_ENT_AI_EC,2026-09-02T22:43:05Z,5,True
Slovakia,SK,Medium (50-249),MEDIUM_50_249,2025,True,AI not useful for us,E_AI_BNU,8.3,16.4,-8.1,-0.0359,0.29,23.0,27.6,-4.5,-9.4,84,24,0.325,E_AI_TANY,PC_ENT,PC_ENT_AI_EC,2026-09-02T22:43:05Z,6,True
Slovakia,SK,Medium (50-249),MEDIUM_50_249,2025,True,Legal consequences unclear,E_AI_BLEG,40.4,41.6,-1.2,-0.1516,0.18,23.0,27.6,-4.5,-9.4,84,24,0.325,E_AI_TANY,PC_ENT,PC_ENT_AI_EC,2026-09-02T22:43:05Z,7,True
Slovenia,SI,Medium (50-249),MEDIUM_50_249,2025,True,Privacy and data protection,E_AI_BCDP,57.6,40.4,17.2,0.1796,3.09,30.6,27.6,3.0,3.47,84,24,0.325,E_AI_TANY,PC_ENT,PC_ENT_AI_EC,2026-09-02T22:43:05Z,1,True
Slovenia,SI,Medium (50-249),MEDIUM_50_249,2025,True,Legal consequences unclear,E_AI_BLEG,61.8,41.6,20.3,-0.1516,-3.07,30.6,27.6,3.0,3.47,84,24,0.325,E_AI_TANY,PC_ENT,PC_ENT_AI_EC,2026-09-02T22:43:05Z,2,True
Slovenia,SI,Medium (50-249),MEDIUM_50_249,2025,True,Data availability or quality,E_AI_BDDT,50.2,42.3,7.8,-0.0809,-0.63,30.6,27.6,3.0,3.47,84,24,0.325,E_AI_TANY,PC_ENT,PC_ENT_AI_EC,2026-09-02T22:43:05Z,3,True
Slovenia,SI,Medium (50-249),MEDIUM_50_249,2025,True,AI not useful for us,E_AI_BNU,27.5,16.4,11.1,-0.0359,-0.4,30.6,27.6,3.0,3.47,84,24,0.325,E_AI_TANY,PC_ENT,PC_ENT_AI_EC,2026-09-02T22:43:05Z,4,True
Slovenia,SI,Medium (50-249),MEDIUM_50_249,2025,True,Lack of expertise,E_AI_BLE,65.4,64.6,0.8,0.4269,0.33,30.6,27.6,3.0,3.47,84,24,0.325,E_AI_TANY,PC_ENT,PC_ENT_AI_EC,2026-09-02T22:43:05Z,5,True
Slovenia,SI,Medium (50-249),MEDIUM_50_249,2025,True,Incompatible with existing systems,E_AI_BINC,51.7,47.3,4.4,0.0707,0.31,30.6,27.6,3.0,3.47,84,24,0.325,E_AI_TANY,PC_ENT,PC_ENT_AI_EC,2026-09-02T22:43:05Z,6,True
Slovenia,SI,Medium (50-249),MEDIUM_50_249,2025,True,Cost too high,E_AI_BCST,46.7,46.5,0.2,-0.4067,-0.07,30.6,27.6,3.0,3.47,84,24,0.325,E_AI_TANY,PC_ENT,PC_ENT_AI_EC,2026-09-02T22:43:05Z,7,True
Spain,ES,Medium (50-249),MEDIUM_50_249,2025,True,Lack of expertise,E_AI_BLE,76.2,64.6,11.6,0.4269,4.95,30.1,27.6,2.5,-0.97,84,24,0.325,E_AI_TANY,PC_ENT,PC_ENT_AI_EC,2026-09-02T22:43:05Z,1,True
Spain,ES,Medium (50-249),MEDIUM_50_249,2025,True,Privacy and data protection,E_AI_BCDP,49.1,40.4,8.8,0.1796,1.57,30.1,27.6,2.5,-0.97,84,24,0.325,E_AI_TANY,PC_ENT,PC_ENT_AI_EC,2026-09-02T22:43:05Z,2,True
Spain,ES,Medium (50-249),MEDIUM_50_249,2025,True,Legal consequences unclear,E_AI_BLEG,48.6,41.6,7.1,-0.1516,-1.07,30.1,27.6,2.5,-0.97,84,24,0.325,E_AI_TANY,PC_ENT,PC_ENT_AI_EC,2026-09-02T22:43:05Z,3,True
Spain,ES,Medium (50-249),MEDIUM_50_249,2025,True,Incompatible with existing systems,E_AI_BINC,33.9,47.3,-13.4,0.0707,-0.94,30.1,27.6,2.5,-0.97,84,24,0.325,E_AI_TANY,PC_ENT,PC_ENT_AI_EC,2026-09-02T22:43:05Z,4,True
Spain,ES,Medium (50-249),MEDIUM_50_249,2025,True,Cost too high,E_AI_BCST,48.4,46.5,1.9,-0.4067,-0.77,30.1,27.6,2.5,-0.97,84,24,0.325,E_AI_TANY,PC_ENT,PC_ENT_AI_EC,2026-09-02T22:43:05Z,5,True
Spain,ES,Medium (50-249),MEDIUM_50_249,2025,True,Data availability or quality,E_AI_BDDT,47.4,42.3,5.1,-0.0809,-0.41,30.1,27.6,2.5,-0.97,84,24,0.325,E_AI_TANY,PC_ENT,PC_ENT_AI_EC,2026-09-02T22:43:05Z,6,True
Spain,ES,Medium (50-249),MEDIUM_50_249,2025,True,AI not useful for us,E_AI_BNU,12.4,16.4,-4.0,-0.0359,0.14,30.1,27.6,2.5,-0.97,84,24,0.325,E_AI_TANY,PC_ENT,PC_ENT_AI_EC,2026-09-02T22:43:05Z,7,True
Sweden,SE,Medium (50-249),MEDIUM_50_249,2025,True,Lack of expertise,E_AI_BLE,82.4,64.6,17.8,0.4269,7.61,49.6,27.6,22.0,9.13,84,24,0.325,E_AI_TANY,PC_ENT,PC_ENT_AI_EC,2026-09-02T22:43:05Z,1,True
Sweden,SE,Medium (50-249),MEDIUM_50_249,2025,True,Cost too high,E_AI_BCST,36.4,46.5,-10.2,-0.4067,4.13,49.6,27.6,22.0,9.13,84,24,0.325,E_AI_TANY,PC_ENT,PC_ENT_AI_EC,2026-09-02T22:43:05Z,2,True
Sweden,SE,Medium (50-249),MEDIUM_50_249,2025,True,Incompatible with existing systems,E_AI_BINC,30.7,47.3,-16.6,0.0707,-1.17,49.6,27.6,22.0,9.13,84,24,0.325,E_AI_TANY,PC_ENT,PC_ENT_AI_EC,2026-09-02T22:43:05Z,3,True
Sweden,SE,Medium (50-249),MEDIUM_50_249,2025,True,Legal consequences unclear,E_AI_BLEG,34.4,41.6,-7.1,-0.1516,1.08,49.6,27.6,22.0,9.13,84,24,0.325,E_AI_TANY,PC_ENT,PC_ENT_AI_EC,2026-09-02T22:43:05Z,4,True
Sweden,SE,Medium (50-249),MEDIUM_50_249,2025,True,Privacy and data protection,E_AI_BCDP,45.2,40.4,4.9,0.1796,0.88,49.6,27.6,22.0,9.13,84,24,0.325,E_AI_TANY,PC_ENT,PC_ENT_AI_EC,2026-09-02T22:43:05Z,5,True
Sweden,SE,Medium (50-249),MEDIUM_50_249,2025,True,Data availability or quality,E_AI_BDDT,39.4,42.3,-2.9,-0.0809,0.23,49.6,27.6,22.0,9.13,84,24,0.325,E_AI_TANY,PC_ENT,PC_ENT_AI_EC,2026-09-02T22:43:05Z,6,True
Sweden,SE,Medium (50-249),MEDIUM_50_249,2025,True,AI not useful for us,E_AI_BNU,13.2,16.4,-3.2,-0.0359,0.11,49.6,27.6,22.0,9.13,84,24,0.325,E_AI_TANY,PC_ENT,PC_ENT_AI_EC,2026-09-02T22:43:05Z,7,True
All countries (unweighted mean),ALL_MEAN,Small (10-49),SMALL_10_49,2025,False,Cost too high,E_AI_BCST,40.1,48.1,-8.0,-0.2932,2.33,18.9,16.2,2.7,0.0,83,24,0.268,E_AI_TANY,PC_ENT,PC_ENT_AI_EC,2026-09-02T22:43:05Z,1,True
All countries (unweighted mean),ALL_MEAN,Small (10-49),SMALL_10_49,2025,False,AI not useful for us,E_AI_BNU,20.1,23.0,-2.9,-0.0735,0.21,18.9,16.2,2.7,0.0,83,24,0.268,E_AI_TANY,PC_ENT,PC_ENT_AI_EC,2026-09-02T22:43:05Z,2,True
All countries (unweighted mean),ALL_MEAN,Small (10-49),SMALL_10_49,2025,False,Lack of expertise,E_AI_BLE,70.1,67.0,3.0,0.0505,0.15,18.9,16.2,2.7,0.0,83,24,0.268,E_AI_TANY,PC_ENT,PC_ENT_AI_EC,2026-09-02T22:43:05Z,3,True
All countries (unweighted mean),ALL_MEAN,Small (10-49),SMALL_10_49,2025,False,Incompatible with existing systems,E_AI_BINC,42.2,45.3,-3.1,-0.0504,0.15,18.9,16.2,2.7,0.0,83,24,0.268,E_AI_TANY,PC_ENT,PC_ENT_AI_EC,2026-09-02T22:43:05Z,4,True
All countries (unweighted mean),ALL_MEAN,Small (10-49),SMALL_10_49,2025,False,Data availability or quality,E_AI_BDDT,42.5,43.1,-0.6,0.1605,-0.1,18.9,16.2,2.7,0.0,83,24,0.268,E_AI_TANY,PC_ENT,PC_ENT_AI_EC,2026-09-02T22:43:05Z,5,True
All countries (unweighted mean),ALL_MEAN,Small (10-49),SMALL_10_49,2025,False,Legal consequences unclear,E_AI_BLEG,49.6,44.5,5.1,-0.0074,-0.04,18.9,16.2,2.7,0.0,83,24,0.268,E_AI_TANY,PC_ENT,PC_ENT_AI_EC,2026-09-02T22:43:05Z,6,True
All countries (unweighted mean),ALL_MEAN,Small (10-49),SMALL_10_49,2025,False,Privacy and data protection,E_AI_BCDP,47.6,40.7,6.9,0.0041,0.03,18.9,16.2,2.7,0.0,83,24,0.268,E_AI_TANY,PC_ENT,PC_ENT_AI_EC,2026-09-02T22:43:05Z,7,True
Austria,AT,Small (10-49),SMALL_10_49,2025,True,Cost too high,E_AI_BCST,27.4,48.1,-20.7,-0.2932,6.07,26.2,16.2,10.0,3.81,83,24,0.268,E_AI_TANY,PC_ENT,PC_ENT_AI_EC,2026-09-02T22:43:05Z,1,True
Austria,AT,Small (10-49),SMALL_10_49,2025,True,Incompatible with existing systems,E_AI_BINC,37.1,45.3,-8.2,-0.0504,0.41,26.2,16.2,10.0,3.81,83,24,0.268,E_AI_TANY,PC_ENT,PC_ENT_AI_EC,2026-09-02T22:43:05Z,2,True
Austria,AT,Small (10-49),SMALL_10_49,2025,True,Data availability or quality,E_AI_BDDT,41.0,43.1,-2.1,0.1605,-0.34,26.2,16.2,10.0,3.81,83,24,0.268,E_AI_TANY,PC_ENT,PC_ENT_AI_EC,2026-09-02T22:43:05Z,3,True
Austria,AT,Small (10-49),SMALL_10_49,2025,True,Lack of expertise,E_AI_BLE,68.8,67.0,1.7,0.0505,0.09,26.2,16.2,10.0,3.81,83,24,0.268,E_AI_TANY,PC_ENT,PC_ENT_AI_EC,2026-09-02T22:43:05Z,4,True
Austria,AT,Small (10-49),SMALL_10_49,2025,True,Legal consequences unclear,E_AI_BLEG,50.8,44.5,6.2,-0.0074,-0.05,26.2,16.2,10.0,3.81,83,24,0.268,E_AI_TANY,PC_ENT,PC_ENT_AI_EC,2026-09-02T22:43:05Z,5,True
Austria,AT,Small (10-49),SMALL_10_49,2025,True,Privacy and data protection,E_AI_BCDP,50.0,40.7,9.3,0.0041,0.04,26.2,16.2,10.0,3.81,83,24,0.268,E_AI_TANY,PC_ENT,PC_ENT_AI_EC,2026-09-02T22:43:05Z,6,True
Austria,AT,Small (10-49),SMALL_10_49,2025,True,AI not useful for us,E_AI_BNU,23.3,23.0,0.4,-0.0735,-0.03,26.2,16.2,10.0,3.81,83,24,0.268,E_AI_TANY,PC_ENT,PC_ENT_AI_EC,2026-09-02T22:43:05Z,7,True
Belgium,BE,Small (10-49),SMALL_10_49,2025,True,Cost too high,E_AI_BCST,35.4,48.1,-12.6,-0.2932,3.71,28.8,16.2,12.6,7.13,83,24,0.268,E_AI_TANY,PC_ENT,PC_ENT_AI_EC,2026-09-02T22:43:05Z,1,True
Belgium,BE,Small (10-49),SMALL_10_49,2025,True,Data availability or quality,E_AI_BDDT,46.7,43.1,3.5,0.1605,0.57,28.8,16.2,12.6,7.13,83,24,0.268,E_AI_TANY,PC_ENT,PC_ENT_AI_EC,2026-09-02T22:43:05Z,2,True
Belgium,BE,Small (10-49),SMALL_10_49,2025,True,AI not useful for us,E_AI_BNU,15.4,23.0,-7.5,-0.0735,0.56,28.8,16.2,12.6,7.13,83,24,0.268,E_AI_TANY,PC_ENT,PC_ENT_AI_EC,2026-09-02T22:43:05Z,3,True
Belgium,BE,Small (10-49),SMALL_10_49,2025,True,Lack of expertise,E_AI_BLE,74.9,67.0,7.8,0.0505,0.4,28.8,16.2,12.6,7.13,83,24,0.268,E_AI_TANY,PC_ENT,PC_ENT_AI_EC,2026-09-02T22:43:05Z,4,True
Belgium,BE,Small (10-49),SMALL_10_49,2025,True,Incompatible with existing systems,E_AI_BINC,38.2,45.3,-7.1,-0.0504,0.36,28.8,16.2,12.6,7.13,83,24,0.268,E_AI_TANY,PC_ENT,PC_ENT_AI_EC,2026-09-02T22:43:05Z,5,True
Belgium,BE,Small (10-49),SMALL_10_49,2025,True,Legal consequences unclear,E_AI_BLEG,58.2,44.5,13.7,-0.0074,-0.1,28.8,16.2,12.6,7.13,83,24,0.268,E_AI_TANY,PC_ENT,PC_ENT_AI_EC,2026-09-02T22:43:05Z,6,True
Belgium,BE,Small (10-49),SMALL_10_49,2025,True,Privacy and data protection,E_AI_BCDP,47.9,40.7,7.3,0.0041,0.03,28.8,16.2,12.6,7.13,83,24,0.268,E_AI_TANY,PC_ENT,PC_ENT_AI_EC,2026-09-02T22:43:05Z,7,True
Bulgaria,BG,Small (10-49),SMALL_10_49,2025,True,Cost too high,E_AI_BCST,57.0,48.1,8.9,-0.2932,-2.61,7.2,16.2,-9.0,-6.39,83,24,0.268,E_AI_TANY,PC_ENT,PC_ENT_AI_EC,2026-09-02T22:43:05Z,1,True
Bulgaria,BG,Small (10-49),SMALL_10_49,2025,True,Lack of expertise,E_AI_BLE,75.9,67.0,8.8,0.0505,0.45,7.2,16.2,-9.0,-6.39,83,24,0.268,E_AI_TANY,PC_ENT,PC_ENT_AI_EC,2026-09-02T22:43:05Z,2,True
Bulgaria,BG,Small (10-49),SMALL_10_49,2025,True,Incompatible with existing systems,E_AI_BINC,53.3,45.3,8.0,-0.0504,-0.4,7.2,16.2,-9.0,-6.39,83,24,0.268,E_AI_TANY,PC_ENT,PC_ENT_AI_EC,2026-09-02T22:43:05Z,3,True
Bulgaria,BG,Small (10-49),SMALL_10_49,2025,True,Data availability or quality,E_AI_BDDT,40.8,43.1,-2.3,0.1605,-0.37,7.2,16.2,-9.0,-6.39,83,24,0.268,E_AI_TANY,PC_ENT,PC_ENT_AI_EC,2026-09-02T22:43:05Z,4,True
Bulgaria,BG,Small (10-49),SMALL_10_49,2025,True,AI not useful for us,E_AI_BNU,18.3,23.0,-4.7,-0.0735,0.34,7.2,16.2,-9.0,-6.39,83,24,0.268,E_AI_TANY,PC_ENT,PC_ENT_AI_EC,2026-09-02T22:43:05Z,5,True
Bulgaria,BG,Small (10-49),SMALL_10_49,2025,True,Legal consequences unclear,E_AI_BLEG,51.8,44.5,7.3,-0.0074,-0.05,7.2,16.2,-9.0,-6.39,83,24,0.268,E_AI_TANY,PC_ENT,PC_ENT_AI_EC,2026-09-02T22:43:05Z,6,True
Bulgaria,BG,Small (10-49),SMALL_10_49,2025,True,Privacy and data protection,E_AI_BCDP,48.2,40.7,7.6,0.0041,0.03,7.2,16.2,-9.0,-6.39,83,24,0.268,E_AI_TANY,PC_ENT,PC_ENT_AI_EC,2026-09-02T22:43:05Z,7,True
Croatia,HR,Small (10-49),SMALL_10_49,2025,True,Cost too high,E_AI_BCST,67.7,48.1,19.6,-0.2932,-5.74,12.8,16.2,-3.4,0.21,83,24,0.268,E_AI_TANY,PC_ENT,PC_ENT_AI_EC,2026-09-02T22:43:05Z,1,True
Croatia,HR,Small (10-49),SMALL_10_49,2025,True,Data availability or quality,E_AI_BDDT,60.7,43.1,17.6,0.1605,2.82,12.8,16.2,-3.4,0.21,83,24,0.268,E_AI_TANY,PC_ENT,PC_ENT_AI_EC,2026-09-02T22:43:05Z,2,True
Croatia,HR,Small (10-49),SMALL_10_49,2025,True,Incompatible with existing systems,E_AI_BINC,60.4,45.3,15.1,-0.0504,-0.76,12.8,16.2,-3.4,0.21,83,24,0.268,E_AI_TANY,PC_ENT,PC_ENT_AI_EC,2026-09-02T22:43:05Z,3,True
Croatia,HR,Small (10-49),SMALL_10_49,2025,True,AI not useful for us,E_AI_BNU,18.4,23.0,-4.6,-0.0735,0.34,12.8,16.2,-3.4,0.21,83,24,0.268,E_AI_TANY,PC_ENT,PC_ENT_AI_EC,2026-09-02T22:43:05Z,4,True
Croatia,HR,Small (10-49),SMALL_10_49,2025,True,Lack of expertise,E_AI_BLE,63.3,67.0,-3.7,0.0505,-0.19,12.8,16.2,-3.4,0.21,83,24,0.268,E_AI_TANY,PC_ENT,PC_ENT_AI_EC,2026-09-02T22:43:05Z,5,True
Croatia,HR,Small (10-49),SMALL_10_49,2025,True,Legal consequences unclear,E_AI_BLEG,52.5,44.5,8.0,-0.0074,-0.06,12.8,16.2,-3.4,0.21,83,24,0.268,E_AI_TANY,PC_ENT,PC_ENT_AI_EC,2026-09-02T22:43:05Z,6,True
Croatia,HR,Small (10-49),SMALL_10_49,2025,True,Privacy and data protection,E_AI_BCDP,34.7,40.7,-5.9,0.0041,-0.02,12.8,16.2,-3.4,0.21,83,24,0.268,E_AI_TANY,PC_ENT,PC_ENT_AI_EC,2026-09-02T22:43:05Z,7,True
Cyprus,CY,Small (10-49),SMALL_10_49,2025,True,Cost too high,E_AI_BCST,41.2,48.1,-6.9,-0.2932,2.01,7.7,16.2,-8.5,-11.77,83,24,0.268,E_AI_TANY,PC_ENT,PC_ENT_AI_EC,2026-09-02T22:43:05Z,1,True
Cyprus,CY,Small (10-49),SMALL_10_49,2025,True,Data availability or quality,E_AI_BDDT,48.7,43.1,5.6,0.1605,0.9,7.7,16.2,-8.5,-11.77,83,24,0.268,E_AI_TANY,PC_ENT,PC_ENT_AI_EC,2026-09-02T22:43:05Z,2,True
Cyprus,CY,Small (10-49),SMALL_10_49,2025,True,AI not useful for us,E_AI_BNU,16.1,23.0,-6.8,-0.0735,0.5,7.7,16.2,-8.5,-11.77,83,24,0.268,E_AI_TANY,PC_ENT,PC_ENT_AI_EC,2026-09-02T22:43:05Z,3,True
Cyprus,CY,Small (10-49),SMALL_10_49,2025,True,Incompatible with existing systems,E_AI_BINC,50.5,45.3,5.2,-0.0504,-0.26,7.7,16.2,-8.5,-11.77,83,24,0.268,E_AI_TANY,PC_ENT,PC_ENT_AI_EC,2026-09-02T22:43:05Z,4,True
Cyprus,CY,Small (10-49),SMALL_10_49,2025,True,Lack of expertise,E_AI_BLE,71.0,67.0,3.9,0.0505,0.2,7.7,16.2,-8.5,-11.77,83,24,0.268,E_AI_TANY,PC_ENT,PC_ENT_AI_EC,2026-09-02T22:43:05Z,5,True
Cyprus,CY,Small (10-49),SMALL_10_49,2025,True,Legal consequences unclear,E_AI_BLEG,51.9,44.5,7.3,-0.0074,-0.05,7.7,16.2,-8.5,-11.77,83,24,0.268,E_AI_TANY,PC_ENT,PC_ENT_AI_EC,2026-09-02T22:43:05Z,6,True
Cyprus,CY,Small (10-49),SMALL_10_49,2025,True,Privacy and data protection,E_AI_BCDP,46.4,40.7,5.7,0.0041,0.02,7.7,16.2,-8.5,-11.77,83,24,0.268,E_AI_TANY,PC_ENT,PC_ENT_AI_EC,2026-09-02T22:43:05Z,7,True
Denmark,DK,Small (10-49),SMALL_10_49,2025,True,Cost too high,E_AI_BCST,17.8,48.1,-30.3,-0.2932,8.89,37.4,16.2,21.3,11.15,83,24,0.268,E_AI_TANY,PC_ENT,PC_ENT_AI_EC,2026-09-02T22:43:05Z,1,True
Denmark,DK,Small (10-49),SMALL_10_49,2025,True,Incompatible with existing systems,E_AI_BINC,29.6,45.3,-15.7,-0.0504,0.79,37.4,16.2,21.3,11.15,83,24,0.268,E_AI_TANY,PC_ENT,PC_ENT_AI_EC,2026-09-02T22:43:05Z,2,True
Denmark,DK,Small (10-49),SMALL_10_49,2025,True,Lack of expertise,E_AI_BLE,82.4,67.0,15.4,0.0505,0.78,37.4,16.2,21.3,11.15,83,24,0.268,E_AI_TANY,PC_ENT,PC_ENT_AI_EC,2026-09-02T22:43:05Z,3,True
Denmark,DK,Small (10-49),SMALL_10_49,2025,True,Data availability or quality,E_AI_BDDT,38.4,43.1,-4.8,0.1605,-0.76,37.4,16.2,21.3,11.15,83,24,0.268,E_AI_TANY,PC_ENT,PC_ENT_AI_EC,2026-09-02T22:43:05Z,4,True
Denmark,DK,Small (10-49),SMALL_10_49,2025,True,AI not useful for us,E_AI_BNU,17.0,23.0,-6.0,-0.0735,0.44,37.4,16.2,21.3,11.15,83,24,0.268,E_AI_TANY,PC_ENT,PC_ENT_AI_EC,2026-09-02T22:43:05Z,5,True
Denmark,DK,Small (10-49),SMALL_10_49,2025,True,Legal consequences unclear,E_AI_BLEG,48.7,44.5,4.2,-0.0074,-0.03,37.4,16.2,21.3,11.15,83,24,0.268,E_AI_TANY,PC_ENT,PC_ENT_AI_EC,2026-09-02T22:43:05Z,6,True
Denmark,DK,Small (10-49),SMALL_10_49,2025,True,Privacy and data protection,E_AI_BCDP,44.4,40.7,3.8,0.0041,0.02,37.4,16.2,21.3,11.15,83,24,0.268,E_AI_TANY,PC_ENT,PC_ENT_AI_EC,2026-09-02T22:43:05Z,7,True
European Union - 27 countries (from 2020),EU27_2020,Small (10-49),SMALL_10_49,2025,False,Cost too high,E_AI_BCST,38.8,48.1,-9.3,-0.2932,2.72,17.0,16.2,0.8,-2.6,83,24,0.268,E_AI_TANY,PC_ENT,PC_ENT_AI_EC,2026-09-02T22:43:05Z,1,True
European Union - 27 countries (from 2020),EU27_2020,Small (10-49),SMALL_10_49,2025,False,AI not useful for us,E_AI_BNU,19.2,23.0,-3.7,-0.0735,0.28,17.0,16.2,0.8,-2.6,83,24,0.268,E_AI_TANY,PC_ENT,PC_ENT_AI_EC,2026-09-02T22:43:05Z,2,True
European Union - 27 countries (from 2020),EU27_2020,Small (10-49),SMALL_10_49,2025,False,Lack of expertise,E_AI_BLE,70.9,67.0,3.8,0.0505,0.19,17.0,16.2,0.8,-2.6,83,24,0.268,E_AI_TANY,PC_ENT,PC_ENT_AI_EC,2026-09-02T22:43:05Z,3,True
European Union - 27 countries (from 2020),EU27_2020,Small (10-49),SMALL_10_49,2025,False,Incompatible with existing systems,E_AI_BINC,41.7,45.3,-3.6,-0.0504,0.18,17.0,16.2,0.8,-2.6,83,24,0.268,E_AI_TANY,PC_ENT,PC_ENT_AI_EC,2026-09-02T22:43:05Z,4,True
European Union - 27 countries (from 2020),EU27_2020,Small (10-49),SMALL_10_49,2025,False,Data availability or quality,E_AI_BDDT,43.7,43.1,0.5,0.1605,0.09,17.0,16.2,0.8,-2.6,83,24,0.268,E_AI_TANY,PC_ENT,PC_ENT_AI_EC,2026-09-02T22:43:05Z,5,True
European Union - 27 countries (from 2020),EU27_2020,Small (10-49),SMALL_10_49,2025,False,Legal consequences unclear,E_AI_BLEG,54.8,44.5,10.3,-0.0074,-0.08,17.0,16.2,0.8,-2.6,83,24,0.268,E_AI_TANY,PC_ENT,PC_ENT_AI_EC,2026-09-02T22:43:05Z,6,True
European Union - 27 countries (from 2020),EU27_2020,Small (10-49),SMALL_10_49,2025,False,Privacy and data protection,E_AI_BCDP,52.5,40.7,11.8,0.0041,0.05,17.0,16.2,0.8,-2.6,83,24,0.268,E_AI_TANY,PC_ENT,PC_ENT_AI_EC,2026-09-02T22:43:05Z,7,True
Finland,FI,Small (10-49),SMALL_10_49,2025,True,Cost too high,E_AI_BCST,25.8,48.1,-22.3,-0.2932,6.55,33.5,16.2,17.3,10.63,83,24,0.268,E_AI_TANY,PC_ENT,PC_ENT_AI_EC,2026-09-02T22:43:05Z,1,True
Finland,FI,Small (10-49),SMALL_10_49,2025,True,AI not useful for us,E_AI_BNU,19.5,23.0,-3.5,-0.0735,0.25,33.5,16.2,17.3,10.63,83,24,0.268,E_AI_TANY,PC_ENT,PC_ENT_AI_EC,2026-09-02T22:43:05Z,2,True
Finland,FI,Small (10-49),SMALL_10_49,2025,True,Data availability or quality,E_AI_BDDT,42.5,43.1,-0.6,0.1605,-0.09,33.5,16.2,17.3,10.63,83,24,0.268,E_AI_TANY,PC_ENT,PC_ENT_AI_EC,2026-09-02T22:43:05Z,3,True
Finland,FI,Small (10-49),SMALL_10_49,2025,True,Lack of expertise,E_AI_BLE,66.6,67.0,-0.4,0.0505,-0.02,33.5,16.2,17.3,10.63,83,24,0.268,E_AI_TANY,PC_ENT,PC_ENT_AI_EC,2026-09-02T22:43:05Z,4,True
Finland,FI,Small (10-49),SMALL_10_49,2025,True,Privacy and data protection,E_AI_BCDP,44.5,40.7,3.8,0.0041,0.02,33.5,16.2,17.3,10.63,83,24,0.268,E_AI_TANY,PC_ENT,PC_ENT_AI_EC,2026-09-02T22:43:05Z,5,True
Finland,FI,Small (10-49),SMALL_10_49,2025,True,Legal consequences unclear,E_AI_BLEG,42.7,44.5,-1.9,-0.0074,0.01,33.5,16.2,17.3,10.63,83,24,0.268,E_AI_TANY,PC_ENT,PC_ENT_AI_EC,2026-09-02T22:43:05Z,6,True
Finland,FI,Small (10-49),SMALL_10_49,2025,True,Incompatible with existing systems,E_AI_BINC,45.4,45.3,0.1,-0.0504,-0.01,33.5,16.2,17.3,10.63,83,24,0.268,E_AI_TANY,PC_ENT,PC_ENT_AI_EC,2026-09-02T22:43:05Z,7,True
Germany,DE,Small (10-49),SMALL_10_49,2025,True,Cost too high,E_AI_BCST,32.8,48.1,-15.3,-0.2932,4.48,23.1,16.2,6.9,1.92,83,24,0.268,E_AI_TANY,PC_ENT,PC_ENT_AI_EC,2026-09-02T22:43:05Z,1,True
Germany,DE,Small (10-49),SMALL_10_49,2025,True,Lack of expertise,E_AI_BLE,72.5,67.0,5.5,0.0505,0.28,23.1,16.2,6.9,1.92,83,24,0.268,E_AI_TANY,PC_ENT,PC_ENT_AI_EC,2026-09-02T22:43:05Z,2,True
Germany,DE,Small (10-49),SMALL_10_49,2025,True,AI not useful for us,E_AI_BNU,19.9,23.0,-3.1,-0.0735,0.23,23.1,16.2,6.9,1.92,83,24,0.268,E_AI_TANY,PC_ENT,PC_ENT_AI_EC,2026-09-02T22:43:05Z,3,True
Germany,DE,Small (10-49),SMALL_10_49,2025,True,Legal consequences unclear,E_AI_BLEG,64.2,44.5,19.7,-0.0074,-0.15,23.1,16.2,6.9,1.92,83,24,0.268,E_AI_TANY,PC_ENT,PC_ENT_AI_EC,2026-09-02T22:43:05Z,4,True
Germany,DE,Small (10-49),SMALL_10_49,2025,True,Privacy and data protection,E_AI_BCDP,60.0,40.7,19.3,0.0041,0.08,23.1,16.2,6.9,1.92,83,24,0.268,E_AI_TANY,PC_ENT,PC_ENT_AI_EC,2026-09-02T22:43:05Z,5,True
Germany,DE,Small (10-49),SMALL_10_49,2025,True,Data availability or quality,E_AI_BDDT,43.5,43.1,0.4,0.1605,0.06,23.1,16.2,6.9,1.92,83,24,0.268,E_AI_TANY,PC_ENT,PC_ENT_AI_EC,2026-09-02T22:43:05Z,6,True
Germany,DE,Small (10-49),SMALL_10_49,2025,True,Incompatible with existing systems,E_AI_BINC,45.7,45.3,0.4,-0.0504,-0.02,23.1,16.2,6.9,1.92,83,24,0.268,E_AI_TANY,PC_ENT,PC_ENT_AI_EC,2026-09-02T22:43:05Z,7,True
Greece,EL,Small (10-49),SMALL_10_49,2025,True,Cost too high,E_AI_BCST,54.2,48.1,6.1,-0.2932,-1.8,7.3,16.2,-8.8,-5.93,83,24,0.268,E_AI_TANY,PC_ENT,PC_ENT_AI_EC,2026-09-02T22:43:05Z,1,True
Greece,EL,Small (10-49),SMALL_10_49,2025,True,Data availability or quality,E_AI_BDDT,37.8,43.1,-5.4,0.1605,-0.86,7.3,16.2,-8.8,-5.93,83,24,0.268,E_AI_TANY,PC_ENT,PC_ENT_AI_EC,2026-09-02T22:43:05Z,2,True
Greece,EL,Small (10-49),SMALL_10_49,2025,True,Lack of expertise,E_AI_BLE,60.1,67.0,-6.9,0.0505,-0.35,7.3,16.2,-8.8,-5.93,83,24,0.268,E_AI_TANY,PC_ENT,PC_ENT_AI_EC,2026-09-02T22:43:05Z,3,True
Greece,EL,Small (10-49),SMALL_10_49,2025,True,Incompatible with existing systems,E_AI_BINC,41.2,45.3,-4.1,-0.0504,0.21,7.3,16.2,-8.8,-5.93,83,24,0.268,E_AI_TANY,PC_ENT,PC_ENT_AI_EC,2026-09-02T22:43:05Z,4,True
Greece,EL,Small (10-49),SMALL_10_49,2025,True,AI not useful for us,E_AI_BNU,24.9,23.0,1.9,-0.0735,-0.14,7.3,16.2,-8.8,-5.93,83,24,0.268,E_AI_TANY,PC_ENT,PC_ENT_AI_EC,2026-09-02T22:43:05Z,5,True
Greece,EL,Small (10-49),SMALL_10_49,2025,True,Privacy and data protection,E_AI_BCDP,48.5,40.7,7.9,0.0041,0.03,7.3,16.2,-8.8,-5.93,83,24,0.268,E_AI_TANY,PC_ENT,PC_ENT_AI_EC,2026-09-02T22:43:05Z,6,True
Greece,EL,Small (10-49),SMALL_10_49,2025,True,Legal consequences unclear,E_AI_BLEG,45.0,44.5,0.5,-0.0074,-0.0,7.3,16.2,-8.8,-5.93,83,24,0.268,E_AI_TANY,PC_ENT,PC_ENT_AI_EC,2026-09-02T22:43:05Z,7,True
Hungary,HU,Small (10-49),SMALL_10_49,2025,True,Cost too high,E_AI_BCST,40.8,48.1,-7.3,-0.2932,2.14,8.7,16.2,-7.5,-8.13,83,24,0.268,E_AI_TANY,PC_ENT,PC_ENT_AI_EC,2026-09-02T22:43:05Z,1,True
Hungary,HU,Small (10-49),SMALL_10_49,2025,True,Data availability or quality,E_AI_BDDT,37.8,43.1,-5.4,0.1605,-0.86,8.7,16.2,-7.5,-8.13,83,24,0.268,E_AI_TANY,PC_ENT,PC_ENT_AI_EC,2026-09-02T22:43:05Z,2,True
Hungary,HU,Small (10-49),SMALL_10_49,2025,True,AI not useful for us,E_AI_BNU,33.6,23.0,10.6,-0.0735,-0.78,8.7,16.2,-7.5,-8.13,83,24,0.268,E_AI_TANY,PC_ENT,PC_ENT_AI_EC,2026-09-02T22:43:05Z,3,True
Hungary,HU,Small (10-49),SMALL_10_49,2025,True,Incompatible with existing systems,E_AI_BINC,39.7,45.3,-5.6,-0.0504,0.28,8.7,16.2,-7.5,-8.13,83,24,0.268,E_AI_TANY,PC_ENT,PC_ENT_AI_EC,2026-09-02T22:43:05Z,4,True
Hungary,HU,Small (10-49),SMALL_10_49,2025,True,Lack of expertise,E_AI_BLE,64.8,67.0,-2.2,0.0505,-0.11,8.7,16.2,-7.5,-8.13,83,24,0.268,E_AI_TANY,PC_ENT,PC_ENT_AI_EC,2026-09-02T22:43:05Z,5,True
Hungary,HU,Small (10-49),SMALL_10_49,2025,True,Legal consequences unclear,E_AI_BLEG,53.0,44.5,8.5,-0.0074,-0.06,8.7,16.2,-7.5,-8.13,83,24,0.268,E_AI_TANY,PC_ENT,PC_ENT_AI_EC,2026-09-02T22:43:05Z,6,True
Hungary,HU,Small (10-49),SMALL_10_49,2025,True,Privacy and data protection,E_AI_BCDP,50.7,40.7,10.1,0.0041,0.04,8.7,16.2,-7.5,-8.13,83,24,0.268,E_AI_TANY,PC_ENT,PC_ENT_AI_EC,2026-09-02T22:43:05Z,7,True
Italy,IT,Small (10-49),SMALL_10_49,2025,True,Cost too high,E_AI_BCST,44.8,48.1,-3.3,-0.2932,0.96,14.2,16.2,-1.9,-3.87,83,24,0.268,E_AI_TANY,PC_ENT,PC_ENT_AI_EC,2026-09-02T22:43:05Z,1,True
Italy,IT,Small (10-49),SMALL_10_49,2025,True,Data availability or quality,E_AI_BDDT,46.5,43.1,3.4,0.1605,0.54,14.2,16.2,-1.9,-3.87,83,24,0.268,E_AI_TANY,PC_ENT,PC_ENT_AI_EC,2026-09-02T22:43:05Z,2,True
Italy,IT,Small (10-49),SMALL_10_49,2025,True,AI not useful for us,E_AI_BNU,15.7,23.0,-7.3,-0.0735,0.54,14.2,16.2,-1.9,-3.87,83,24,0.268,E_AI_TANY,PC_ENT,PC_ENT_AI_EC,2026-09-02T22:43:05Z,3,True
Italy,IT,Small (10-49),SMALL_10_49,2025,True,Lack of expertise,E_AI_BLE,59.0,67.0,-8.0,0.0505,-0.4,14.2,16.2,-1.9,-3.87,83,24,0.268,E_AI_TANY,PC_ENT,PC_ENT_AI_EC,2026-09-02T22:43:05Z,4,True
Italy,IT,Small (10-49),SMALL_10_49,2025,True,Incompatible with existing systems,E_AI_BINC,39.2,45.3,-6.1,-0.0504,0.3,14.2,16.2,-1.9,-3.87,83,24,0.268,E_AI_TANY,PC_ENT,PC_ENT_AI_EC,2026-09-02T22:43:05Z,5,True
Italy,IT,Small (10-49),SMALL_10_49,2025,True,Legal consequences unclear,E_AI_BLEG,48.7,44.5,4.1,-0.0074,-0.03,14.2,16.2,-1.9,-3.87,83,24,0.268,E_AI_TANY,PC_ENT,PC_ENT_AI_EC,2026-09-02T22:43:05Z,6,True
Italy,IT,Small (10-49),SMALL_10_49,2025,True,Privacy and data protection,E_AI_BCDP,43.4,40.7,2.7,0.0041,0.01,14.2,16.2,-1.9,-3.87,83,24,0.268,E_AI_TANY,PC_ENT,PC_ENT_AI_EC,2026-09-02T22:43:05Z,7,True
Latvia,LV,Small (10-49),SMALL_10_49,2025,True,Cost too high,E_AI_BCST,41.3,48.1,-6.8,-0.2932,1.99,9.8,16.2,-6.4,-8.27,83,24,0.268,E_AI_TANY,PC_ENT,PC_ENT_AI_EC,2026-09-02T22:43:05Z,1,True
Latvia,LV,Small (10-49),SMALL_10_49,2025,True,Data availability or quality,E_AI_BDDT,45.9,43.1,2.7,0.1605,0.44,9.8,16.2,-6.4,-8.27,83,24,0.268,E_AI_TANY,PC_ENT,PC_ENT_AI_EC,2026-09-02T22:43:05Z,2,True
Latvia,LV,Small (10-49),SMALL_10_49,2025,True,Incompatible with existing systems,E_AI_BINC,49.9,45.3,4.6,-0.0504,-0.23,9.8,16.2,-6.4,-8.27,83,24,0.268,E_AI_TANY,PC_ENT,PC_ENT_AI_EC,2026-09-02T22:43:05Z,3,True
Latvia,LV,Small (10-49),SMALL_10_49,2025,True,AI not useful for us,E_AI_BNU,25.9,23.0,2.9,-0.0735,-0.21,9.8,16.2,-6.4,-8.27,83,24,0.268,E_AI_TANY,PC_ENT,PC_ENT_AI_EC,2026-09-02T22:43:05Z,4,True
Latvia,LV,Small (10-49),SMALL_10_49,2025,True,Lack of expertise,E_AI_BLE,64.2,67.0,-2.9,0.0505,-0.14,9.8,16.2,-6.4,-8.27,83,24,0.268,E_AI_TANY,PC_ENT,PC_ENT_AI_EC,2026-09-02T22:43:05Z,5,True
Latvia,LV,Small (10-49),SMALL_10_49,2025,True,Privacy and data protection,E_AI_BCDP,56.3,40.7,15.6,0.0041,0.06,9.8,16.2,-6.4,-8.27,83,24,0.268,E_AI_TANY,PC_ENT,PC_ENT_AI_EC,2026-09-02T22:43:05Z,6,True
Latvia,LV,Small (10-49),SMALL_10_49,2025,True,Legal consequences unclear,E_AI_BLEG,50.0,44.5,5.4,-0.0074,-0.04,9.8,16.2,-6.4,-8.27,83,24,0.268,E_AI_TANY,PC_ENT,PC_ENT_AI_EC,2026-09-02T22:43:05Z,7,True
Luxembourg,LU,Small (10-49),SMALL_10_49,2025,True,Cost too high,E_AI_BCST,39.5,48.1,-8.6,-0.2932,2.53,30.5,16.2,14.3,9.42,83,24,0.268,E_AI_TANY,PC_ENT,PC_ENT_AI_EC,2026-09-02T22:43:05Z,1,True
Luxembourg,LU,Small (10-49),SMALL_10_49,2025,True,Data availability or quality,E_AI_BDDT,49.9,43.1,6.8,0.1605,1.09,30.5,16.2,14.3,9.42,83,24,0.268,E_AI_TANY,PC_ENT,PC_ENT_AI_EC,2026-09-02T22:43:05Z,2,True
Luxembourg,LU,Small (10-49),SMALL_10_49,2025,True,Lack of expertise,E_AI_BLE,81.3,67.0,14.3,0.0505,0.72,30.5,16.2,14.3,9.42,83,24,0.268,E_AI_TANY,PC_ENT,PC_ENT_AI_EC,2026-09-02T22:43:05Z,3,True
Luxembourg,LU,Small (10-49),SMALL_10_49,2025,True,Incompatible with existing systems,E_AI_BINC,37.9,45.3,-7.4,-0.0504,0.37,30.5,16.2,14.3,9.42,83,24,0.268,E_AI_TANY,PC_ENT,PC_ENT_AI_EC,2026-09-02T22:43:05Z,4,True
Luxembourg,LU,Small (10-49),SMALL_10_49,2025,True,AI not useful for us,E_AI_BNU,20.0,23.0,-3.0,-0.0735,0.22,30.5,16.2,14.3,9.42,83,24,0.268,E_AI_TANY,PC_ENT,PC_ENT_AI_EC,2026-09-02T22:43:05Z,5,True
Luxembourg,LU,Small (10-49),SMALL_10_49,2025,True,Legal consequences unclear,E_AI_BLEG,56.8,44.5,12.2,-0.0074,-0.09,30.5,16.2,14.3,9.42,83,24,0.268,E_AI_TANY,PC_ENT,PC_ENT_AI_EC,2026-09-02T22:43:05Z,6,True
Luxembourg,LU,Small (10-49),SMALL_10_49,2025,True,Privacy and data protection,E_AI_BCDP,53.2,40.7,12.5,0.0041,0.05,30.5,16.2,14.3,9.42,83,24,0.268,E_AI_TANY,PC_ENT,PC_ENT_AI_EC,2026-09-02T22:43:05Z,7,True
Malta,MT,Small (10-49),SMALL_10_49,2025,True,Cost too high,E_AI_BCST,37.5,48.1,-10.6,-0.2932,3.11,18.0,16.2,1.9,1.25,83,24,0.268,E_AI_TANY,PC_ENT,PC_ENT_AI_EC,2026-09-02T22:43:05Z,1,True
Malta,MT,Small (10-49),SMALL_10_49,2025,True,Data availability or quality,E_AI_BDDT,26.8,43.1,-16.3,0.1605,-2.62,18.0,16.2,1.9,1.25,83,24,0.268,E_AI_TANY,PC_ENT,PC_ENT_AI_EC,2026-09-02T22:43:05Z,2,True
Malta,MT,Small (10-49),SMALL_10_49,2025,True,Lack of expertise,E_AI_BLE,54.7,67.0,-12.3,0.0505,-0.62,18.0,16.2,1.9,1.25,83,24,0.268,E_AI_TANY,PC_ENT,PC_ENT_AI_EC,2026-09-02T22:43:05Z,3,True
Malta,MT,Small (10-49),SMALL_10_49,2025,True,Incompatible with existing systems,E_AI_BINC,35.8,45.3,-9.5,-0.0504,0.48,18.0,16.2,1.9,1.25,83,24,0.268,E_AI_TANY,PC_ENT,PC_ENT_AI_EC,2026-09-02T22:43:05Z,4,True
Malta,MT,Small (10-49),SMALL_10_49,2025,True,AI not useful for us,E_AI_BNU,19.9,23.0,-3.1,-0.0735,0.23,18.0,16.2,1.9,1.25,83,24,0.268,E_AI_TANY,PC_ENT,PC_ENT_AI_EC,2026-09-02T22:43:05Z,5,True
Malta,MT,Small (10-49),SMALL_10_49,2025,True,Legal consequences unclear,E_AI_BLEG,32.1,44.5,-12.4,-0.0074,0.09,18.0,16.2,1.9,1.25,83,24,0.268,E_AI_TANY,PC_ENT,PC_ENT_AI_EC,2026-09-02T22:43:05Z,6,True
Malta,MT,Small (10-49),SMALL_10_49,2025,True,Privacy and data protection,E_AI_BCDP,27.2,40.7,-13.4,0.0041,-0.06,18.0,16.2,1.9,1.25,83,24,0.268,E_AI_TANY,PC_ENT,PC_ENT_AI_EC,2026-09-02T22:43:05Z,7,True
Netherlands,NL,Small (10-49),SMALL_10_49,2025,True,Cost too high,E_AI_BCST,22.0,48.1,-26.1,-0.2932,7.66,28.8,16.2,12.6,4.42,83,24,0.268,E_AI_TANY,PC_ENT,PC_ENT_AI_EC,2026-09-02T22:43:05Z,1,True
Netherlands,NL,Small (10-49),SMALL_10_49,2025,True,Data availability or quality,E_AI_BDDT,33.3,43.1,-9.9,0.1605,-1.58,28.8,16.2,12.6,4.42,83,24,0.268,E_AI_TANY,PC_ENT,PC_ENT_AI_EC,2026-09-02T22:43:05Z,2,True
Netherlands,NL,Small (10-49),SMALL_10_49,2025,True,AI not useful for us,E_AI_BNU,13.4,23.0,-9.5,-0.0735,0.7,28.8,16.2,12.6,4.42,83,24,0.268,E_AI_TANY,PC_ENT,PC_ENT_AI_EC,2026-09-02T22:43:05Z,3,True
Netherlands,NL,Small (10-49),SMALL_10_49,2025,True,Incompatible with existing systems,E_AI_BINC,31.8,45.3,-13.5,-0.0504,0.68,28.8,16.2,12.6,4.42,83,24,0.268,E_AI_TANY,PC_ENT,PC_ENT_AI_EC,2026-09-02T22:43:05Z,4,True
Netherlands,NL,Small (10-49),SMALL_10_49,2025,True,Lack of expertise,E_AI_BLE,79.5,67.0,12.4,0.0505,0.63,28.8,16.2,12.6,4.42,83,24,0.268,E_AI_TANY,PC_ENT,PC_ENT_AI_EC,2026-09-02T22:43:05Z,5,True
Netherlands,NL,Small (10-49),SMALL_10_49,2025,True,Legal consequences unclear,E_AI_BLEG,36.0,44.5,-8.5,-0.0074,0.06,28.8,16.2,12.6,4.42,83,24,0.268,E_AI_TANY,PC_ENT,PC_ENT_AI_EC,2026-09-02T22:43:05Z,6,True
Netherlands,NL,Small (10-49),SMALL_10_49,2025,True,Privacy and data protection,E_AI_BCDP,45.1,40.7,4.5,0.0041,0.02,28.8,16.2,12.6,4.42,83,24,0.268,E_AI_TANY,PC_ENT,PC_ENT_AI_EC,2026-09-02T22:43:05Z,7,True
Norway,NO,Small (10-49),SMALL_10_49,2025,True,Cost too high,E_AI_BCST,19.6,48.1,-28.5,-0.2932,8.36,25.2,16.2,9.0,0.59,83,24,0.268,E_AI_TANY,PC_ENT,PC_ENT_AI_EC,2026-09-02T22:43:05Z,1,True
Norway,NO,Small (10-49),SMALL_10_49,2025,True,Data availability or quality,E_AI_BDDT,29.9,43.1,-13.2,0.1605,-2.12,25.2,16.2,9.0,0.59,83,24,0.268,E_AI_TANY,PC_ENT,PC_ENT_AI_EC,2026-09-02T22:43:05Z,2,True
Norway,NO,Small (10-49),SMALL_10_49,2025,True,AI not useful for us,E_AI_BNU,11.7,23.0,-11.3,-0.0735,0.83,25.2,16.2,9.0,0.59,83,24,0.268,E_AI_TANY,PC_ENT,PC_ENT_AI_EC,2026-09-02T22:43:05Z,3,True
Norway,NO,Small (10-49),SMALL_10_49,2025,True,Incompatible with existing systems,E_AI_BINC,30.4,45.3,-14.9,-0.0504,0.75,25.2,16.2,9.0,0.59,83,24,0.268,E_AI_TANY,PC_ENT,PC_ENT_AI_EC,2026-09-02T22:43:05Z,4,True
Norway,NO,Small (10-49),SMALL_10_49,2025,True,Lack of expertise,E_AI_BLE,77.6,67.0,10.6,0.0505,0.53,25.2,16.2,9.0,0.59,83,24,0.268,E_AI_TANY,PC_ENT,PC_ENT_AI_EC,2026-09-02T22:43:05Z,5,True
Norway,NO,Small (10-49),SMALL_10_49,2025,True,Legal consequences unclear,E_AI_BLEG,32.8,44.5,-11.7,-0.0074,0.09,25.2,16.2,9.0,0.59,83,24,0.268,E_AI_TANY,PC_ENT,PC_ENT_AI_EC,2026-09-02T22:43:05Z,6,True
Norway,NO,Small (10-49),SMALL_10_49,2025,True,Privacy and data protection,E_AI_BCDP,38.0,40.7,-2.7,0.0041,-0.01,25.2,16.2,9.0,0.59,83,24,0.268,E_AI_TANY,PC_ENT,PC_ENT_AI_EC,2026-09-02T22:43:05Z,7,True
Poland,PL,Small (10-49),SMALL_10_49,2025,True,Data availability or quality,E_AI_BDDT,33.2,43.1,-9.9,0.1605,-1.59,5.8,16.2,-10.4,-6.41,83,24,0.268,E_AI_TANY,PC_ENT,PC_ENT_AI_EC,2026-09-02T22:43:05Z,1,True
Poland,PL,Small (10-49),SMALL_10_49,2025,True,Cost too high,E_AI_BCST,52.9,48.1,4.8,-0.2932,-1.41,5.8,16.2,-10.4,-6.41,83,24,0.268,E_AI_TANY,PC_ENT,PC_ENT_AI_EC,2026-09-02T22:43:05Z,2,True
Poland,PL,Small (10-49),SMALL_10_49,2025,True,AI not useful for us,E_AI_BNU,37.2,23.0,14.2,-0.0735,-1.04,5.8,16.2,-10.4,-6.41,83,24,0.268,E_AI_TANY,PC_ENT,PC_ENT_AI_EC,2026-09-02T22:43:05Z,3,True
Poland,PL,Small (10-49),SMALL_10_49,2025,True,Incompatible with existing systems,E_AI_BINC,39.6,45.3,-5.7,-0.0504,0.29,5.8,16.2,-10.4,-6.41,83,24,0.268,E_AI_TANY,PC_ENT,PC_ENT_AI_EC,2026-09-02T22:43:05Z,4,True
Poland,PL,Small (10-49),SMALL_10_49,2025,True,Lack of expertise,E_AI_BLE,63.4,67.0,-3.6,0.0505,-0.18,5.8,16.2,-10.4,-6.41,83,24,0.268,E_AI_TANY,PC_ENT,PC_ENT_AI_EC,2026-09-02T22:43:05Z,5,True
Poland,PL,Small (10-49),SMALL_10_49,2025,True,Legal consequences unclear,E_AI_BLEG,52.8,44.5,8.3,-0.0074,-0.06,5.8,16.2,-10.4,-6.41,83,24,0.268,E_AI_TANY,PC_ENT,PC_ENT_AI_EC,2026-09-02T22:43:05Z,6,True
Poland,PL,Small (10-49),SMALL_10_49,2025,True,Privacy and data protection,E_AI_BCDP,48.3,40.7,7.7,0.0041,0.03,5.8,16.2,-10.4,-6.41,83,24,0.268,E_AI_TANY,PC_ENT,PC_ENT_AI_EC,2026-09-02T22:43:05Z,7,True
Portugal,PT,Small (10-49),SMALL_10_49,2025,True,Cost too high,E_AI_BCST,62.0,48.1,13.9,-0.2932,-4.09,9.4,16.2,-6.7,-4.38,83,24,0.268,E_AI_TANY,PC_ENT,PC_ENT_AI_EC,2026-09-02T22:43:05Z,1,True
Portugal,PT,Small (10-49),SMALL_10_49,2025,True,Data availability or quality,E_AI_BDDT,49.3,43.1,6.2,0.1605,1.0,9.4,16.2,-6.7,-4.38,83,24,0.268,E_AI_TANY,PC_ENT,PC_ENT_AI_EC,2026-09-02T22:43:05Z,2,True
Portugal,PT,Small (10-49),SMALL_10_49,2025,True,Lack of expertise,E_AI_BLE,77.6,67.0,10.6,0.0505,0.53,9.4,16.2,-6.7,-4.38,83,24,0.268,E_AI_TANY,PC_ENT,PC_ENT_AI_EC,2026-09-02T22:43:05Z,3,True
Portugal,PT,Small (10-49),SMALL_10_49,2025,True,AI not useful for us,E_AI_BNU,19.7,23.0,-3.3,-0.0735,0.24,9.4,16.2,-6.7,-4.38,83,24,0.268,E_AI_TANY,PC_ENT,PC_ENT_AI_EC,2026-09-02T22:43:05Z,4,True
Portugal,PT,Small (10-49),SMALL_10_49,2025,True,Legal consequences unclear,E_AI_BLEG,57.7,44.5,13.2,-0.0074,-0.1,9.4,16.2,-6.7,-4.38,83,24,0.268,E_AI_TANY,PC_ENT,PC_ENT_AI_EC,2026-09-02T22:43:05Z,5,True
Portugal,PT,Small (10-49),SMALL_10_49,2025,True,Privacy and data protection,E_AI_BCDP,54.8,40.7,14.1,0.0041,0.06,9.4,16.2,-6.7,-4.38,83,24,0.268,E_AI_TANY,PC_ENT,PC_ENT_AI_EC,2026-09-02T22:43:05Z,6,True
Portugal,PT,Small (10-49),SMALL_10_49,2025,True,Incompatible with existing systems,E_AI_BINC,45.4,45.3,0.1,-0.0504,-0.01,9.4,16.2,-6.7,-4.38,83,24,0.268,E_AI_TANY,PC_ENT,PC_ENT_AI_EC,2026-09-02T22:43:05Z,7,True
Slovakia,SK,Small (10-49),SMALL_10_49,2025,True,Cost too high,E_AI_BCST,54.0,48.1,5.9,-0.2932,-1.73,15.6,16.2,-0.6,1.75,83,24,0.268,E_AI_TANY,PC_ENT,PC_ENT_AI_EC,2026-09-02T22:43:05Z,1,True
Slovakia,SK,Small (10-49),SMALL_10_49,2025,True,Lack of expertise,E_AI_BLE,57.1,67.0,-9.9,0.0505,-0.5,15.6,16.2,-0.6,1.75,83,24,0.268,E_AI_TANY,PC_ENT,PC_ENT_AI_EC,2026-09-02T22:43:05Z,2,True
Slovakia,SK,Small (10-49),SMALL_10_49,2025,True,Incompatible with existing systems,E_AI_BINC,52.7,45.3,7.4,-0.0504,-0.37,15.6,16.2,-0.6,1.75,83,24,0.268,E_AI_TANY,PC_ENT,PC_ENT_AI_EC,2026-09-02T22:43:05Z,3,True
Slovakia,SK,Small (10-49),SMALL_10_49,2025,True,AI not useful for us,E_AI_BNU,19.9,23.0,-3.1,-0.0735,0.23,15.6,16.2,-0.6,1.75,83,24,0.268,E_AI_TANY,PC_ENT,PC_ENT_AI_EC,2026-09-02T22:43:05Z,4,True
Slovakia,SK,Small (10-49),SMALL_10_49,2025,True,Legal consequences unclear,E_AI_BLEG,58.8,44.5,14.3,-0.0074,-0.11,15.6,16.2,-0.6,1.75,83,24,0.268,E_AI_TANY,PC_ENT,PC_ENT_AI_EC,2026-09-02T22:43:05Z,5,True
Slovakia,SK,Small (10-49),SMALL_10_49,2025,True,Data availability or quality,E_AI_BDDT,43.7,43.1,0.6,0.1605,0.09,15.6,16.2,-0.6,1.75,83,24,0.268,E_AI_TANY,PC_ENT,PC_ENT_AI_EC,2026-09-02T22:43:05Z,6,True
Slovakia,SK,Small (10-49),SMALL_10_49,2025,True,Privacy and data protection,E_AI_BCDP,52.5,40.7,11.9,0.0041,0.05,15.6,16.2,-0.6,1.75,83,24,0.268,E_AI_TANY,PC_ENT,PC_ENT_AI_EC,2026-09-02T22:43:05Z,7,True
Slovenia,SI,Small (10-49),SMALL_10_49,2025,True,Cost too high,E_AI_BCST,40.4,48.1,-7.7,-0.2932,2.26,18.3,16.2,2.1,-0.62,83,24,0.268,E_AI_TANY,PC_ENT,PC_ENT_AI_EC,2026-09-02T22:43:05Z,1,True
Slovenia,SI,Small (10-49),SMALL_10_49,2025,True,Data availability or quality,E_AI_BDDT,45.4,43.1,2.2,0.1605,0.36,18.3,16.2,2.1,-0.62,83,24,0.268,E_AI_TANY,PC_ENT,PC_ENT_AI_EC,2026-09-02T22:43:05Z,2,True
Slovenia,SI,Small (10-49),SMALL_10_49,2025,True,AI not useful for us,E_AI_BNU,20.0,23.0,-2.9,-0.0735,0.21,18.3,16.2,2.1,-0.62,83,24,0.268,E_AI_TANY,PC_ENT,PC_ENT_AI_EC,2026-09-02T22:43:05Z,3,True
Slovenia,SI,Small (10-49),SMALL_10_49,2025,True,Incompatible with existing systems,E_AI_BINC,49.2,45.3,3.9,-0.0504,-0.2,18.3,16.2,2.1,-0.62,83,24,0.268,E_AI_TANY,PC_ENT,PC_ENT_AI_EC,2026-09-02T22:43:05Z,4,True
Slovenia,SI,Small (10-49),SMALL_10_49,2025,True,Lack of expertise,E_AI_BLE,69.9,67.0,2.8,0.0505,0.14,18.3,16.2,2.1,-0.62,83,24,0.268,E_AI_TANY,PC_ENT,PC_ENT_AI_EC,2026-09-02T22:43:05Z,5,True
Slovenia,SI,Small (10-49),SMALL_10_49,2025,True,Legal consequences unclear,E_AI_BLEG,54.4,44.5,9.8,-0.0074,-0.07,18.3,16.2,2.1,-0.62,83,24,0.268,E_AI_TANY,PC_ENT,PC_ENT_AI_EC,2026-09-02T22:43:05Z,6,True
Slovenia,SI,Small (10-49),SMALL_10_49,2025,True,Privacy and data protection,E_AI_BCDP,48.1,40.7,7.4,0.0041,0.03,18.3,16.2,2.1,-0.62,83,24,0.268,E_AI_TANY,PC_ENT,PC_ENT_AI_EC,2026-09-02T22:43:05Z,7,True
Spain,ES,Small (10-49),SMALL_10_49,2025,True,Lack of expertise,E_AI_BLE,84.4,67.0,17.3,0.0505,0.88,17.2,16.2,1.0,-2.03,83,24,0.268,E_AI_TANY,PC_ENT,PC_ENT_AI_EC,2026-09-02T22:43:05Z,1,True
Spain,ES,Small (10-49),SMALL_10_49,2025,True,Data availability or quality,E_AI_BDDT,48.0,43.1,4.9,0.1605,0.79,17.2,16.2,1.0,-2.03,83,24,0.268,E_AI_TANY,PC_ENT,PC_ENT_AI_EC,2026-09-02T22:43:05Z,2,True
Spain,ES,Small (10-49),SMALL_10_49,2025,True,AI not useful for us,E_AI_BNU,13.9,23.0,-9.1,-0.0735,0.67,17.2,16.2,1.0,-2.03,83,24,0.268,E_AI_TANY,PC_ENT,PC_ENT_AI_EC,2026-09-02T22:43:05Z,3,True
Spain,ES,Small (10-49),SMALL_10_49,2025,True,Incompatible with existing systems,E_AI_BINC,36.0,45.3,-9.3,-0.0504,0.47,17.2,16.2,1.0,-2.03,83,24,0.268,E_AI_TANY,PC_ENT,PC_ENT_AI_EC,2026-09-02T22:43:05Z,4,True
Spain,ES,Small (10-49),SMALL_10_49,2025,True,Cost too high,E_AI_BCST,47.3,48.1,-0.8,-0.2932,0.22,17.2,16.2,1.0,-2.03,83,24,0.268,E_AI_TANY,PC_ENT,PC_ENT_AI_EC,2026-09-02T22:43:05Z,5,True
Spain,ES,Small (10-49),SMALL_10_49,2025,True,Legal consequences unclear,E_AI_BLEG,52.2,44.5,7.7,-0.0074,-0.06,17.2,16.2,1.0,-2.03,83,24,0.268,E_AI_TANY,PC_ENT,PC_ENT_AI_EC,2026-09-02T22:43:05Z,6,True
Spain,ES,Small (10-49),SMALL_10_49,2025,True,Privacy and data protection,E_AI_BCDP,54.9,40.7,14.2,0.0041,0.06,17.2,16.2,1.0,-2.03,83,24,0.268,E_AI_TANY,PC_ENT,PC_ENT_AI_EC,2026-09-02T22:43:05Z,7,True
Sweden,SE,Small (10-49),SMALL_10_49,2025,True,Cost too high,E_AI_BCST,21.6,48.1,-26.5,-0.2932,7.76,30.7,16.2,14.6,5.54,83,24,0.268,E_AI_TANY,PC_ENT,PC_ENT_AI_EC,2026-09-02T22:43:05Z,1,True
Sweden,SE,Small (10-49),SMALL_10_49,2025,True,Data availability or quality,E_AI_BDDT,45.3,43.1,2.1,0.1605,0.34,30.7,16.2,14.6,5.54,83,24,0.268,E_AI_TANY,PC_ENT,PC_ENT_AI_EC,2026-09-02T22:43:05Z,2,True
Sweden,SE,Small (10-49),SMALL_10_49,2025,True,AI not useful for us,E_AI_BNU,18.7,23.0,-4.2,-0.0735,0.31,30.7,16.2,14.6,5.54,83,24,0.268,E_AI_TANY,PC_ENT,PC_ENT_AI_EC,2026-09-02T22:43:05Z,3,True
Sweden,SE,Small (10-49),SMALL_10_49,2025,True,Lack of expertise,E_AI_BLE,72.7,67.0,5.7,0.0505,0.29,30.7,16.2,14.6,5.54,83,24,0.268,E_AI_TANY,PC_ENT,PC_ENT_AI_EC,2026-09-02T22:43:05Z,4,True
Sweden,SE,Small (10-49),SMALL_10_49,2025,True,Incompatible with existing systems,E_AI_BINC,40.2,45.3,-5.1,-0.0504,0.26,30.7,16.2,14.6,5.54,83,24,0.268,E_AI_TANY,PC_ENT,PC_ENT_AI_EC,2026-09-02T22:43:05Z,5,True
Sweden,SE,Small (10-49),SMALL_10_49,2025,True,Privacy and data protection,E_AI_BCDP,50.0,40.7,9.3,0.0041,0.04,30.7,16.2,14.6,5.54,83,24,0.268,E_AI_TANY,PC_ENT,PC_ENT_AI_EC,2026-09-02T22:43:05Z,6,True
Sweden,SE,Small (10-49),SMALL_10_49,2025,True,Legal consequences unclear,E_AI_BLEG,41.1,44.5,-3.4,-0.0074,0.03,30.7,16.2,14.6,5.54,83,24,0.268,E_AI_TANY,PC_ENT,PC_ENT_AI_EC,2026-09-02T22:43:05Z,7,True
